2026-10-03T10:23:43.4025697Z Current runner version: '2.337.0'
2026-10-03T10:23:43.4045707Z ##[group]Runner Image Provisioner
2026-10-03T10:23:43.4046396Z Hosted Compute Agent
2026-10-03T10:23:43.4046978Z Version: 20260901.588
2026-10-03T10:23:43.4047497Z Commit: f88ec8081b781fac6c440065ac7ff9e710ce3d0b
2026-10-03T10:23:43.4048175Z Build Date: 2026-09-01T19:56:44Z
2026-10-03T10:23:43.4048738Z Worker ID: {fbcf4bd2-7cba-432e-8aac-a2168994b01d}
2026-10-03T10:23:43.4049332Z Azure Region: westus3
2026-10-03T10:23:43.4049858Z ##[endgroup]
2026-10-03T10:23:43.4050857Z ##[group]Operating System
2026-10-03T10:23:43.4051399Z Ubuntu
2026-10-03T10:23:43.4051843Z 24.04.5
2026-10-03T10:23:43.4052296Z LTS
2026-10-03T10:23:43.4052757Z ##[endgroup]
2026-10-03T10:23:43.4053379Z ##[group]Runner Image
2026-10-03T10:23:43.4053920Z Image: ubuntu-24.04
2026-10-03T10:23:43.4054397Z Version: 20260927.320.1
2026-10-03T10:23:43.4055557Z Included Software: https://github.com/actions/runner-images/blob/ubuntu24/20260927.320/images/ubuntu/Ubuntu2404-Readme.md
2026-10-03T10:23:43.4056825Z Image Release: https://github.com/actions/runner-images/releases/tag/ubuntu24%2F20260927.320
2026-10-03T10:23:43.4057648Z ##[endgroup]
2026-10-03T10:23:43.4058559Z ##[group]GITHUB_TOKEN Permissions
2026-10-03T10:23:43.4060080Z Contents: read
2026-10-03T10:23:43.4060577Z Metadata: read
2026-10-03T10:23:43.4061034Z ##[endgroup]
2026-10-03T10:23:43.4063343Z Secret source: Actions
2026-10-03T10:23:43.4064178Z Cache mode: write
2026-10-03T10:23:43.4064830Z Prepare workflow directory
2026-10-03T10:23:43.4404862Z Prepare all required actions
2026-10-03T10:23:43.4445555Z Getting action download info
2026-10-03T10:23:43.7452445Z Download action repository 'actions/checkout@v4' (SHA:11d5960a326750d5838078e36cf38b85af677262)
2026-10-03T10:23:43.9416623Z Download action repository 'actions/setup-node@v4' (SHA:49933ea5288caeca8642d1e84afbd3f7d6820020)
2026-10-03T10:23:44.1907958Z Complete job name: console backend + frontend gate
2026-10-03T10:23:44.2516826Z ##[group]Checking docker version
2026-10-03T10:23:44.2527112Z ##[command]/usr/bin/docker version --format '{{.Server.APIVersion}}'
2026-10-03T10:23:44.3502649Z '1.48'
2026-10-03T10:23:44.3509440Z Docker daemon API version: '1.48'
2026-10-03T10:23:44.3510065Z ##[command]/usr/bin/docker version --format '{{.Client.APIVersion}}'
2026-10-03T10:23:44.3661196Z '1.48'
2026-10-03T10:23:44.3671560Z Docker client API version: '1.48'
2026-10-03T10:23:44.3676142Z ##[endgroup]
2026-10-03T10:23:44.3678031Z ##[group]Clean up resources from previous jobs
2026-10-03T10:23:44.3682650Z ##[command]/usr/bin/docker ps --all --quiet --no-trunc --filter "label=55b19b"
2026-10-03T10:23:44.3880343Z ##[command]/usr/bin/docker network prune --force --filter "label=55b19b"
2026-10-03T10:23:44.3986932Z ##[endgroup]
2026-10-03T10:23:44.3987360Z ##[group]Create local container network
2026-10-03T10:23:44.3995572Z ##[command]/usr/bin/docker network create --label 55b19b github_network_2aee6de403714aa883a46c88a978c59a
2026-10-03T10:23:44.4403586Z 5853b5e462b6c43a8f4ad2376528e90b83d8d5b654b68eabd05d1b7c6bf51af0
2026-10-03T10:23:44.4420221Z ##[endgroup]
2026-10-03T10:23:44.4449949Z ##[group]Starting postgres service container
2026-10-03T10:23:44.4470301Z ##[command]/usr/bin/docker pull postgres:16-alpine
2026-10-03T10:23:45.3650442Z 16-alpine: Pulling from library/postgres
2026-10-03T10:23:45.5908365Z e2de96513ba9: Already exists
2026-10-03T10:23:45.5933580Z 1b7f9cd581ee: Pulling fs layer
2026-10-03T10:23:45.5934046Z 210b280f9556: Pulling fs layer
2026-10-03T10:23:45.5934428Z 81717818649a: Pulling fs layer
2026-10-03T10:23:45.5934775Z 3ae6141cfd99: Pulling fs layer
2026-10-03T10:23:45.5935038Z 25b77f59fd95: Pulling fs layer
2026-10-03T10:23:45.5935327Z 6c25da34e03f: Pulling fs layer
2026-10-03T10:23:45.5935573Z a88782f92806: Pulling fs layer
2026-10-03T10:23:45.5935972Z d8d21be4bf02: Pulling fs layer
2026-10-03T10:23:45.5936357Z 6117bd39f23f: Pulling fs layer
2026-10-03T10:23:45.5936739Z 509688edf37b: Pulling fs layer
2026-10-03T10:23:45.5937164Z 25b77f59fd95: Waiting
2026-10-03T10:23:45.5937896Z 6c25da34e03f: Waiting
2026-10-03T10:23:45.5938243Z a88782f92806: Waiting
2026-10-03T10:23:45.5938571Z d8d21be4bf02: Waiting
2026-10-03T10:23:45.5938907Z 6117bd39f23f: Waiting
2026-10-03T10:23:45.5939225Z 509688edf37b: Waiting
2026-10-03T10:23:45.5939527Z 3ae6141cfd99: Waiting
2026-10-03T10:23:45.7669522Z 1b7f9cd581ee: Download complete
2026-10-03T10:23:45.7672680Z 81717818649a: Verifying Checksum
2026-10-03T10:23:45.7674014Z 81717818649a: Download complete
2026-10-03T10:23:45.8057156Z 210b280f9556: Verifying Checksum
2026-10-03T10:23:45.8058040Z 210b280f9556: Download complete
2026-10-03T10:23:45.8189661Z 1b7f9cd581ee: Pull complete
2026-10-03T10:23:45.8740406Z 210b280f9556: Pull complete
2026-10-03T10:23:45.9338061Z 3ae6141cfd99: Download complete
2026-10-03T10:23:45.9746819Z 6c25da34e03f: Verifying Checksum
2026-10-03T10:23:45.9747182Z 6c25da34e03f: Download complete
2026-10-03T10:23:45.9999089Z 81717818649a: Pull complete
2026-10-03T10:23:46.1319362Z a88782f92806: Verifying Checksum
2026-10-03T10:23:46.1319840Z a88782f92806: Download complete
2026-10-03T10:23:46.1408179Z d8d21be4bf02: Download complete
2026-10-03T10:23:46.2556500Z 3ae6141cfd99: Pull complete
2026-10-03T10:23:46.3081176Z 6117bd39f23f: Verifying Checksum
2026-10-03T10:23:46.3081525Z 6117bd39f23f: Download complete
2026-10-03T10:23:46.3095785Z 509688edf37b: Verifying Checksum
2026-10-03T10:23:46.3104532Z 509688edf37b: Download complete
2026-10-03T10:23:46.3550954Z 25b77f59fd95: Verifying Checksum
2026-10-03T10:23:46.3551300Z 25b77f59fd95: Download complete
2026-10-03T10:23:49.5290961Z 25b77f59fd95: Pull complete
2026-10-03T10:23:49.5397217Z 6c25da34e03f: Pull complete
2026-10-03T10:23:49.5465608Z a88782f92806: Pull complete
2026-10-03T10:23:49.5542529Z d8d21be4bf02: Pull complete
2026-10-03T10:23:49.6406375Z 6117bd39f23f: Pull complete
2026-10-03T10:23:49.6488548Z 509688edf37b: Pull complete
2026-10-03T10:23:49.7472634Z Digest: sha256:721873c34ceb9f8d8fc265984940dc982404c105f19ad51be9fdc5970a6080ea
2026-10-03T10:23:49.7486525Z Status: Downloaded newer image for postgres:16-alpine
2026-10-03T10:23:49.7495810Z docker.io/library/postgres:16-alpine
2026-10-03T10:23:49.7555679Z ##[command]/usr/bin/docker create --name 3c48b43cdee5430fbebf24d93f4e3a2e_postgres16alpine_7a16c3 --label 55b19b --network github_network_2aee6de403714aa883a46c88a978c59a --network-alias postgres -p 5432:5432 --health-cmd "pg_isready -U postgres" --health-interval 10s --health-timeout 5s --health-retries 5 -e "POSTGRES_PASSWORD=test-password-pg-ci" -e "POSTGRES_DB=fxv" -e GITHUB_ACTIONS=true -e CI=true postgres:16-alpine
2026-10-03T10:23:49.7773660Z a8a23a9524a82699490499ccd1635a4d1875caa754292cbb1cd1ea8af9f728a5
2026-10-03T10:23:49.7792818Z ##[command]/usr/bin/docker start a8a23a9524a82699490499ccd1635a4d1875caa754292cbb1cd1ea8af9f728a5
2026-10-03T10:23:50.0394250Z a8a23a9524a82699490499ccd1635a4d1875caa754292cbb1cd1ea8af9f728a5
2026-10-03T10:23:50.0410444Z ##[command]/usr/bin/docker ps --all --filter id=a8a23a9524a82699490499ccd1635a4d1875caa754292cbb1cd1ea8af9f728a5 --filter status=running --no-trunc --format "{{.ID}} {{.Status}}"
2026-10-03T10:23:50.0519648Z a8a23a9524a82699490499ccd1635a4d1875caa754292cbb1cd1ea8af9f728a5 Up Less than a second (health: starting)
2026-10-03T10:23:50.0538488Z ##[command]/usr/bin/docker port a8a23a9524a82699490499ccd1635a4d1875caa754292cbb1cd1ea8af9f728a5
2026-10-03T10:23:50.0648524Z 5432/tcp -> 0.0.0.0:5432
2026-10-03T10:23:50.0648925Z 5432/tcp -> [::]:5432
2026-10-03T10:23:50.0686692Z ##[endgroup]
2026-10-03T10:23:50.0693394Z ##[group]Waiting for all services to be ready
2026-10-03T10:23:50.0704349Z ##[command]/usr/bin/docker inspect --format="{{if .Config.Healthcheck}}{{print .State.Health.Status}}{{end}}" a8a23a9524a82699490499ccd1635a4d1875caa754292cbb1cd1ea8af9f728a5
2026-10-03T10:23:50.0817352Z starting
2026-10-03T10:23:50.0837514Z postgres service is starting, waiting 2 seconds before checking again.
2026-10-03T10:23:52.0832688Z ##[command]/usr/bin/docker inspect --format="{{if .Config.Healthcheck}}{{print .State.Health.Status}}{{end}}" a8a23a9524a82699490499ccd1635a4d1875caa754292cbb1cd1ea8af9f728a5
2026-10-03T10:23:52.0936005Z starting
2026-10-03T10:23:52.0946291Z postgres service is starting, waiting 4 seconds before checking again.
2026-10-03T10:23:56.4267682Z ##[command]/usr/bin/docker inspect --format="{{if .Config.Healthcheck}}{{print .State.Health.Status}}{{end}}" a8a23a9524a82699490499ccd1635a4d1875caa754292cbb1cd1ea8af9f728a5
2026-10-03T10:23:56.4374031Z starting
2026-10-03T10:23:56.4385194Z postgres service is starting, waiting 8 seconds before checking again.
2026-10-03T10:24:04.6390755Z ##[command]/usr/bin/docker inspect --format="{{if .Config.Healthcheck}}{{print .State.Health.Status}}{{end}}" a8a23a9524a82699490499ccd1635a4d1875caa754292cbb1cd1ea8af9f728a5
2026-10-03T10:24:04.6497874Z healthy
2026-10-03T10:24:04.6511651Z postgres service is healthy.
2026-10-03T10:24:04.6512463Z ##[endgroup]
2026-10-03T10:24:04.6736884Z ##[group]Run actions/checkout@v4
2026-10-03T10:24:04.6737313Z with:
2026-10-03T10:24:04.6737499Z   repository: nghqqa/MergePilot
2026-10-03T10:24:04.6739822Z   token: ***
2026-10-03T10:24:04.6740003Z   ssh-strict: true
2026-10-03T10:24:04.6740179Z   ssh-user: git
2026-10-03T10:24:04.6740357Z   persist-credentials: true
2026-10-03T10:24:04.6740564Z   clean: true
2026-10-03T10:24:04.6740739Z   sparse-checkout-cone-mode: true
2026-10-03T10:24:04.6740950Z   fetch-depth: 1
2026-10-03T10:24:04.6741119Z   fetch-tags: false
2026-10-03T10:24:04.6741293Z   show-progress: true
2026-10-03T10:24:04.6741462Z   lfs: false
2026-10-03T10:24:04.6741615Z   submodules: false
2026-10-03T10:24:04.6741783Z   set-safe-directory: true
2026-10-03T10:24:04.6741981Z   allow-unsafe-pr-checkout: false
2026-10-03T10:24:04.6742303Z env:
2026-10-03T10:24:04.6742665Z   FXV_PG_TEST_DSN: ***127.0.0.1:5432/fxv
2026-10-03T10:24:04.6743229Z   CCHAIN_TEST_DSN: ***127.0.0.1:5432/fxv
2026-10-03T10:24:04.6743517Z   FXV_S3_ENDPOINT: http://127.0.0.1:9000
2026-10-03T10:24:04.6743733Z   FXV_S3_ACCESS_KEY: ci-minio
2026-10-03T10:24:04.6743941Z   FXV_S3_SECRET_KEY: ci-minio-secret-123456
2026-10-03T10:24:04.6744178Z   FXV_S3_BUCKET: fxv-artifacts-e2e
2026-10-03T10:24:04.6744378Z ##[endgroup]
2026-10-03T10:24:04.7550208Z Syncing repository: nghqqa/MergePilot
2026-10-03T10:24:04.7551614Z ##[group]Getting Git version info
2026-10-03T10:24:04.7552104Z Working directory is '/home/runner/work/MergePilot/MergePilot'
2026-10-03T10:24:04.7552808Z [command]/usr/bin/git version
2026-10-03T10:24:04.9181699Z git version 2.55.0
2026-10-03T10:24:04.9199529Z ##[endgroup]
2026-10-03T10:24:04.9211676Z Temporarily overriding HOME='/home/runner/work/_temp/176deff5-7e1f-4ce6-9c90-d342b29aed7c' before making global git config changes
2026-10-03T10:24:04.9212470Z Adding repository directory to the temporary git global config as a safe directory
2026-10-03T10:24:04.9217034Z [command]/usr/bin/git config --global --add safe.directory /home/runner/work/MergePilot/MergePilot
2026-10-03T10:24:04.9266316Z Deleting the contents of '/home/runner/work/MergePilot/MergePilot'
2026-10-03T10:24:04.9269545Z ##[group]Initializing the repository
2026-10-03T10:24:04.9272768Z [command]/usr/bin/git init /home/runner/work/MergePilot/MergePilot
2026-10-03T10:24:04.9361875Z hint: Using 'master' as the name for the initial branch. This default branch name
2026-10-03T10:24:04.9362328Z hint: will change to "main" in Git 3.0. To configure the initial branch name
2026-10-03T10:24:04.9362742Z hint: to use in all of your new repositories, which will suppress this warning,
2026-10-03T10:24:04.9363301Z hint: call:
2026-10-03T10:24:04.9363527Z hint:
2026-10-03T10:24:04.9363864Z hint: 	git config --global init.defaultBranch <name>
2026-10-03T10:24:04.9364260Z hint:
2026-10-03T10:24:04.9364623Z hint: Names commonly chosen instead of 'master' are 'main', 'trunk' and
2026-10-03T10:24:04.9365249Z hint: 'development'. The just-created branch can be renamed via this command:
2026-10-03T10:24:04.9365745Z hint:
2026-10-03T10:24:04.9365995Z hint: 	git branch -m <name>
2026-10-03T10:24:04.9366277Z hint:
2026-10-03T10:24:04.9366677Z hint: Disable this message with "git config set advice.defaultBranchName false"
2026-10-03T10:24:04.9367624Z Initialized empty Git repository in /home/runner/work/MergePilot/MergePilot/.git/
2026-10-03T10:24:04.9374693Z [command]/usr/bin/git remote add origin https://github.com/nghqqa/MergePilot
2026-10-03T10:24:04.9452545Z ##[endgroup]
2026-10-03T10:24:04.9453018Z ##[group]Disabling automatic garbage collection
2026-10-03T10:24:04.9455929Z [command]/usr/bin/git config --local gc.auto 0
2026-10-03T10:24:04.9484924Z ##[endgroup]
2026-10-03T10:24:04.9485350Z ##[group]Setting up auth
2026-10-03T10:24:04.9490180Z [command]/usr/bin/git config --local --name-only --get-regexp core\.sshCommand
2026-10-03T10:24:04.9519416Z [command]/usr/bin/git submodule foreach --recursive sh -c "git config --local --name-only --get-regexp 'core\.sshCommand' && git config --local --unset-all 'core.sshCommand' || :"
2026-10-03T10:24:04.9845522Z [command]/usr/bin/git config --local --name-only --get-regexp http\.https\:\/\/github\.com\/\.extraheader
2026-10-03T10:24:04.9877052Z [command]/usr/bin/git submodule foreach --recursive sh -c "git config --local --name-only --get-regexp 'http\.https\:\/\/github\.com\/\.extraheader' && git config --local --unset-all 'http.https://github.com/.extraheader' || :"
2026-10-03T10:24:05.0067969Z [command]/usr/bin/git config --local --name-only --get-regexp ^includeIf\.gitdir:
2026-10-03T10:24:05.0098387Z [command]/usr/bin/git submodule foreach --recursive git config --local --show-origin --name-only --get-regexp remote.origin.url
2026-10-03T10:24:05.0288649Z [command]/usr/bin/git config --local http.https://github.com/.extraheader AUTHORIZATION: basic ***
2026-10-03T10:24:05.0324627Z ##[endgroup]
2026-10-03T10:24:05.0325119Z ##[group]Fetching the repository
2026-10-03T10:24:05.0332323Z [command]/usr/bin/git -c protocol.version=2 fetch --no-tags --prune --no-recurse-submodules --depth=1 origin +9986547f90e2ad31998e51c238ffc9cbe0c57f8f:refs/remotes/pull/306/merge
2026-10-03T10:24:07.7005324Z From https://github.com/nghqqa/MergePilot
2026-10-03T10:24:07.7006013Z  * [new ref]         9986547f90e2ad31998e51c238ffc9cbe0c57f8f -> pull/306/merge
2026-10-03T10:24:07.7009164Z ##[endgroup]
2026-10-03T10:24:07.7009811Z ##[group]Determining the checkout info
2026-10-03T10:24:07.7011761Z ##[endgroup]
2026-10-03T10:24:07.7018184Z [command]/usr/bin/git sparse-checkout disable
2026-10-03T10:24:07.7066470Z [command]/usr/bin/git config --local --unset-all extensions.worktreeConfig
2026-10-03T10:24:07.7095032Z ##[group]Checking out the ref
2026-10-03T10:24:07.7113920Z [command]/usr/bin/git checkout --progress --force refs/remotes/pull/306/merge
2026-10-03T10:24:07.9184411Z Note: switching to 'refs/remotes/pull/306/merge'.
2026-10-03T10:24:07.9184667Z 
2026-10-03T10:24:07.9184880Z You are in 'detached HEAD' state. You can look around, make experimental
2026-10-03T10:24:07.9185300Z changes and commit them, and you can discard any commits you make in this
2026-10-03T10:24:07.9185677Z state without impacting any branches by switching back to a branch.
2026-10-03T10:24:07.9185911Z 
2026-10-03T10:24:07.9186234Z If you want to create a new branch to retain commits you create, you may
2026-10-03T10:24:07.9186701Z do so (now or later) by using -c with the switch command. Example:
2026-10-03T10:24:07.9186971Z 
2026-10-03T10:24:07.9187084Z   git switch -c <new-branch-name>
2026-10-03T10:24:07.9187275Z 
2026-10-03T10:24:07.9187376Z Or undo this operation with:
2026-10-03T10:24:07.9187553Z 
2026-10-03T10:24:07.9187651Z   git switch -
2026-10-03T10:24:07.9187792Z 
2026-10-03T10:24:07.9188028Z Turn off this advice by setting config variable advice.detachedHead to false
2026-10-03T10:24:07.9188366Z 
2026-10-03T10:24:07.9188758Z HEAD is now at 9986547 Merge 5052c2476a760ce41dab4dcd1feff92bd808bf47 into dd9e47b8daaddce20674119e76f2c6e92333bf7b
2026-10-03T10:24:07.9203340Z ##[endgroup]
2026-10-03T10:24:07.9292835Z [command]/usr/bin/git log -1 --format=%H
2026-10-03T10:24:07.9293457Z 9986547f90e2ad31998e51c238ffc9cbe0c57f8f
2026-10-03T10:24:07.9487360Z ##[group]Run actions/setup-node@v4
2026-10-03T10:24:07.9487736Z with:
2026-10-03T10:24:07.9487902Z   node-version: 22
2026-10-03T10:24:07.9488073Z   always-auth: false
2026-10-03T10:24:07.9488249Z   check-latest: false
2026-10-03T10:24:07.9490460Z   token: ***
2026-10-03T10:24:07.9490626Z env:
2026-10-03T10:24:07.9490940Z   FXV_PG_TEST_DSN: ***127.0.0.1:5432/fxv
2026-10-03T10:24:07.9491285Z   CCHAIN_TEST_DSN: ***127.0.0.1:5432/fxv
2026-10-03T10:24:07.9491511Z   FXV_S3_ENDPOINT: http://127.0.0.1:9000
2026-10-03T10:24:07.9491747Z   FXV_S3_ACCESS_KEY: ci-minio
2026-10-03T10:24:07.9491975Z   FXV_S3_SECRET_KEY: ci-minio-secret-123456
2026-10-03T10:24:07.9492207Z   FXV_S3_BUCKET: fxv-artifacts-e2e
2026-10-03T10:24:07.9492408Z ##[endgroup]
2026-10-03T10:24:08.0629797Z Found in cache @ /opt/hostedtoolcache/node/22.23.3/x64
2026-10-03T10:24:08.0633721Z (node:2487) [DEP0040] DeprecationWarning: The `punycode` module is deprecated. Please use a userland alternative instead.
2026-10-03T10:24:08.0634529Z (Use `node --trace-deprecation ...` to show where the warning was created)
2026-10-03T10:24:08.0637201Z ##[group]Environment details
2026-10-03T10:24:08.6392254Z node: v22.23.3
2026-10-03T10:24:08.6392577Z npm: 10.9.9
2026-10-03T10:24:08.6392803Z yarn: 1.22.22
2026-10-03T10:24:08.6393766Z ##[endgroup]
2026-10-03T10:24:08.6520183Z ##[group]Run docker run -d --name minio -p 9000:9000 \
2026-10-03T10:24:08.6520556Z [36;1mdocker run -d --name minio -p 9000:9000 \[0m
2026-10-03T10:24:08.6520939Z [36;1m  -e MINIO_ROOT_USER=ci-minio -e MINIO_ROOT_PASSWORD=ci-minio-secret-123456 \[0m
2026-10-03T10:24:08.6521440Z [36;1m  elestio/minio@sha256:25348a257f1ece1b192f25f6cd9854618fa86422ac87b494b5d4e629c556d4bd \[0m
2026-10-03T10:24:08.6521804Z [36;1m  server /data[0m
2026-10-03T10:24:08.6521999Z [36;1mfor i in $(seq 1 30); do[0m
2026-10-03T10:24:08.6522312Z [36;1m  curl -sf http://127.0.0.1:9000/minio/health/live >/dev/null && break[0m
2026-10-03T10:24:08.6522606Z [36;1m  sleep 2[0m
2026-10-03T10:24:08.6522778Z [36;1mdone[0m
2026-10-03T10:24:08.6523224Z [36;1mcurl -sf http://127.0.0.1:9000/minio/health/live >/dev/null[0m
2026-10-03T10:24:08.6705853Z shell: /usr/bin/bash -e {0}
2026-10-03T10:24:08.6706081Z env:
2026-10-03T10:24:08.6706504Z   FXV_PG_TEST_DSN: ***127.0.0.1:5432/fxv
2026-10-03T10:24:08.6706891Z   CCHAIN_TEST_DSN: ***127.0.0.1:5432/fxv
2026-10-03T10:24:08.6707131Z   FXV_S3_ENDPOINT: http://127.0.0.1:9000
2026-10-03T10:24:08.6707361Z   FXV_S3_ACCESS_KEY: ci-minio
2026-10-03T10:24:08.6707576Z   FXV_S3_SECRET_KEY: ci-minio-secret-123456
2026-10-03T10:24:08.6707809Z   FXV_S3_BUCKET: fxv-artifacts-e2e
2026-10-03T10:24:08.6708024Z ##[endgroup]
2026-10-03T10:24:08.6920614Z Unable to find image 'elestio/minio@sha256:25348a257f1ece1b192f25f6cd9854618fa86422ac87b494b5d4e629c556d4bd' locally
2026-10-03T10:24:09.2122097Z docker.io/elestio/minio@sha256:25348a257f1ece1b192f25f6cd9854618fa86422ac87b494b5d4e629c556d4bd: Pulling from elestio/minio
2026-10-03T10:24:09.4293026Z 7d0737898ab0: Pulling fs layer
2026-10-03T10:24:09.4293523Z 381791658085: Pulling fs layer
2026-10-03T10:24:09.4293768Z aadb085c98c4: Pulling fs layer
2026-10-03T10:24:09.4294018Z 468bab5a2c7a: Pulling fs layer
2026-10-03T10:24:09.4294242Z 44982c185c39: Pulling fs layer
2026-10-03T10:24:09.4294529Z f16f3632c3df: Pulling fs layer
2026-10-03T10:24:09.4294890Z 86a524b3dc0f: Pulling fs layer
2026-10-03T10:24:09.4295240Z 534f713e5447: Pulling fs layer
2026-10-03T10:24:09.4295580Z 564e16acbe7c: Pulling fs layer
2026-10-03T10:24:09.4295897Z f16f3632c3df: Waiting
2026-10-03T10:24:09.4296187Z 86a524b3dc0f: Waiting
2026-10-03T10:24:09.4296469Z 564e16acbe7c: Waiting
2026-10-03T10:24:09.4296758Z 534f713e5447: Waiting
2026-10-03T10:24:09.4297031Z 468bab5a2c7a: Waiting
2026-10-03T10:24:09.4297309Z 44982c185c39: Waiting
2026-10-03T10:24:09.6084636Z aadb085c98c4: Verifying Checksum
2026-10-03T10:24:09.6085151Z aadb085c98c4: Download complete
2026-10-03T10:24:09.6143315Z 381791658085: Verifying Checksum
2026-10-03T10:24:09.6144824Z 381791658085: Download complete
2026-10-03T10:24:09.6259197Z 7d0737898ab0: Verifying Checksum
2026-10-03T10:24:09.6280638Z 7d0737898ab0: Download complete
2026-10-03T10:24:09.8202188Z 44982c185c39: Verifying Checksum
2026-10-03T10:24:09.8203155Z 44982c185c39: Download complete
2026-10-03T10:24:09.8238711Z f16f3632c3df: Verifying Checksum
2026-10-03T10:24:09.8239363Z f16f3632c3df: Download complete
2026-10-03T10:24:09.8343086Z 7d0737898ab0: Pull complete
2026-10-03T10:24:09.9267117Z 468bab5a2c7a: Verifying Checksum
2026-10-03T10:24:09.9267883Z 468bab5a2c7a: Download complete
2026-10-03T10:24:09.9928393Z 534f713e5447: Verifying Checksum
2026-10-03T10:24:09.9928822Z 534f713e5447: Download complete
2026-10-03T10:24:09.9981094Z 86a524b3dc0f: Verifying Checksum
2026-10-03T10:24:09.9981527Z 86a524b3dc0f: Download complete
2026-10-03T10:24:10.0962410Z 564e16acbe7c: Verifying Checksum
2026-10-03T10:24:10.0963083Z 564e16acbe7c: Download complete
2026-10-03T10:24:10.8328509Z 381791658085: Pull complete
2026-10-03T10:24:10.8418289Z aadb085c98c4: Pull complete
2026-10-03T10:24:11.7892207Z 468bab5a2c7a: Pull complete
2026-10-03T10:24:12.0277535Z 44982c185c39: Pull complete
2026-10-03T10:24:12.0774539Z f16f3632c3df: Pull complete
2026-10-03T10:24:12.0963020Z 86a524b3dc0f: Pull complete
2026-10-03T10:24:12.1017836Z 534f713e5447: Pull complete
2026-10-03T10:24:12.1097154Z 564e16acbe7c: Pull complete
2026-10-03T10:24:12.1125752Z Digest: sha256:25348a257f1ece1b192f25f6cd9854618fa86422ac87b494b5d4e629c556d4bd
2026-10-03T10:24:12.1130977Z Status: Downloaded newer image for elestio/minio@sha256:25348a257f1ece1b192f25f6cd9854618fa86422ac87b494b5d4e629c556d4bd
2026-10-03T10:24:12.1223221Z e446b948dee6dd418d1f02fb0dbd8e3c75c1f31f117f4a33babe866e0ec68d4f
2026-10-03T10:24:14.2490473Z ##[group]Run npm ci --no-audit --no-fund
2026-10-03T10:24:14.2490762Z [36;1mnpm ci --no-audit --no-fund[0m
2026-10-03T10:24:14.2548279Z shell: /usr/bin/bash -e {0}
2026-10-03T10:24:14.2548490Z env:
2026-10-03T10:24:14.2548918Z   FXV_PG_TEST_DSN: ***127.0.0.1:5432/fxv
2026-10-03T10:24:14.2549271Z   CCHAIN_TEST_DSN: ***127.0.0.1:5432/fxv
2026-10-03T10:24:14.2549521Z   FXV_S3_ENDPOINT: http://127.0.0.1:9000
2026-10-03T10:24:14.2549749Z   FXV_S3_ACCESS_KEY: ci-minio
2026-10-03T10:24:14.2549962Z   FXV_S3_SECRET_KEY: ci-minio-secret-123456
2026-10-03T10:24:14.2550192Z   FXV_S3_BUCKET: fxv-artifacts-e2e
2026-10-03T10:24:14.2550392Z ##[endgroup]
2026-10-03T10:24:15.8693911Z 
2026-10-03T10:24:15.8694636Z added 14 packages in 2s
2026-10-03T10:24:15.9026955Z ##[group]Run node --test console/backend/test/*.test.mjs
2026-10-03T10:24:15.9027293Z [36;1mnode --test console/backend/test/*.test.mjs[0m
2026-10-03T10:24:15.9083347Z shell: /usr/bin/bash -e {0}
2026-10-03T10:24:15.9083561Z env:
2026-10-03T10:24:15.9083979Z   FXV_PG_TEST_DSN: ***127.0.0.1:5432/fxv
2026-10-03T10:24:15.9084342Z   CCHAIN_TEST_DSN: ***127.0.0.1:5432/fxv
2026-10-03T10:24:15.9084577Z   FXV_S3_ENDPOINT: http://127.0.0.1:9000
2026-10-03T10:24:15.9084803Z   FXV_S3_ACCESS_KEY: ci-minio
2026-10-03T10:24:15.9085016Z   FXV_S3_SECRET_KEY: ci-minio-secret-123456
2026-10-03T10:24:15.9085264Z   FXV_S3_BUCKET: fxv-artifacts-e2e
2026-10-03T10:24:15.9085464Z ##[endgroup]
2026-10-03T10:24:15.9627000Z TAP version 13
2026-10-03T10:24:16.0818454Z # Subtest: GET /api/health：数据模式 snapshot、live 未接入如实标注
2026-10-03T10:24:16.0828746Z ok 1 - GET /api/health：数据模式 snapshot、live 未接入如实标注
2026-10-03T10:24:16.0829471Z   ---
2026-10-03T10:24:16.0829940Z   duration_ms: 42.912219
2026-10-03T10:24:16.0830537Z   type: 'test'
2026-10-03T10:24:16.0830948Z   ...
2026-10-03T10:24:16.1154976Z # Subtest: GET /api/runs：列表含 fixture 两条，可按 repo 过滤
2026-10-03T10:24:16.1204394Z ok 2 - GET /api/runs：列表含 fixture 两条，可按 repo 过滤
2026-10-03T10:24:16.1253787Z   ---
2026-10-03T10:24:16.1313817Z   duration_ms: 28.573706
2026-10-03T10:24:16.1355250Z   type: 'test'
2026-10-03T10:24:16.1391423Z   ...
2026-10-03T10:24:16.1431995Z # Subtest: GET /api/runs/:id：detail 返回 timeline 与归属字段
2026-10-03T10:24:16.1470377Z ok 3 - GET /api/runs/:id：detail 返回 timeline 与归属字段
2026-10-03T10:24:16.1584180Z   ---
2026-10-03T10:24:16.1613903Z   duration_ms: 23.445997
2026-10-03T10:24:16.1661323Z   type: 'test'
2026-10-03T10:24:16.1702685Z   ...
2026-10-03T10:24:16.2000922Z # Subtest: evidence 列表/内容/下载：合法路径可读，非法路径 400，未知文件 404
2026-10-03T10:24:16.2006566Z ok 4 - evidence 列表/内容/下载：合法路径可读，非法路径 400，未知文件 404
2026-10-03T10:24:16.2007228Z   ---
2026-10-03T10:24:16.2007648Z   duration_ms: 67.908998
2026-10-03T10:24:16.2008105Z   type: 'test'
2026-10-03T10:24:16.2008554Z   ...
2026-10-03T10:24:16.2081351Z # Subtest: integrity 端点：fixture 校验通过
2026-10-03T10:24:16.2089417Z ok 5 - integrity 端点：fixture 校验通过
2026-10-03T10:24:16.2090115Z   ---
2026-10-03T10:24:16.2090530Z   duration_ms: 7.817462
2026-10-03T10:24:16.2091028Z   type: 'test'
2026-10-03T10:24:16.2091444Z   ...
2026-10-03T10:24:16.2092250Z # Subtest: 真实证据根冒烟：/api/runs ≥15 条且含 WH 轮（空根显式 SKIP，不冒充通过）
2026-10-03T10:24:16.2093349Z ok 6 - 真实证据根冒烟：/api/runs ≥15 条且含 WH 轮（空根显式 SKIP，不冒充通过） # SKIP
2026-10-03T10:24:16.2093984Z   ---
2026-10-03T10:24:16.2094417Z   duration_ms: 0.160497
2026-10-03T10:24:16.2094928Z   type: 'test'
2026-10-03T10:24:16.2095335Z   ...
2026-10-03T10:24:16.2574819Z # Subtest: 提交前预检：非 PENDING / 非法决策 / 过期 / head 冲突 分别拒绝
2026-10-03T10:24:16.2603928Z ok 7 - 提交前预检：非 PENDING / 非法决策 / 过期 / head 冲突 分别拒绝
2026-10-03T10:24:16.2633396Z   ---
2026-10-03T10:24:16.2663381Z   duration_ms: 0.809895
2026-10-03T10:24:16.2663970Z   type: 'test'
2026-10-03T10:24:16.2693508Z   ...
2026-10-03T10:24:16.2723937Z # Subtest: 状态机：仅 idle 可发起提交（防重复点击），submitting 中再点被忽略
2026-10-03T10:24:16.2724849Z ok 8 - 状态机：仅 idle 可发起提交（防重复点击），submitting 中再点被忽略
2026-10-03T10:24:16.2760682Z   ---
2026-10-03T10:24:16.2761618Z   duration_ms: 0.171233
2026-10-03T10:24:16.2771430Z   type: 'test'
2026-10-03T10:24:16.2778689Z   ...
2026-10-03T10:24:16.2779482Z # Subtest: 状态机：超时 → 结果未知 → 必须查询，不得盲目重发
2026-10-03T10:24:16.2780125Z ok 9 - 状态机：超时 → 结果未知 → 必须查询，不得盲目重发
2026-10-03T10:24:16.2780590Z   ---
2026-10-03T10:24:16.2780983Z   duration_ms: 0.155069
2026-10-03T10:24:16.2781411Z   type: 'test'
2026-10-03T10:24:16.2781789Z   ...
2026-10-03T10:24:16.2782365Z # Subtest: 状态机：冲突与过期是终态，刷新后回到 idle
2026-10-03T10:24:16.2783060Z ok 10 - 状态机：冲突与过期是终态，刷新后回到 idle
2026-10-03T10:24:16.2783534Z   ---
2026-10-03T10:24:16.2783920Z   duration_ms: 0.106467
2026-10-03T10:24:16.2784351Z   type: 'test'
2026-10-03T10:24:16.2784738Z   ...
2026-10-03T10:24:16.2785353Z # Subtest: 状态机：RESOLVE 仅在 submitting 中生效（不乐观更新 UI）
2026-10-03T10:24:16.2849827Z ok 11 - 状态机：RESOLVE 仅在 submitting 中生效（不乐观更新 UI）
2026-10-03T10:24:16.2851651Z   ---
2026-10-03T10:24:16.2868461Z   duration_ms: 0.149851
2026-10-03T10:24:16.2888135Z   type: 'test'
2026-10-03T10:24:16.2973731Z   ...
2026-10-03T10:24:16.3004172Z # Subtest: status：未认证 401；认证后 200 且三组件真实状态（attestation 未配置 → overall BLOCKED）
2026-10-03T10:24:16.3034046Z ok 12 - status：未认证 401；认证后 200 且三组件真实状态（attestation 未配置 → overall BLOCKED）
2026-10-03T10:24:16.3064291Z   ---
2026-10-03T10:24:16.3088796Z   duration_ms: 41.510947
2026-10-03T10:24:16.3113664Z   type: 'test'
2026-10-03T10:24:16.3143508Z   ...
2026-10-03T10:24:16.3147458Z # Subtest: metrics：未认证 401；认证后计数器/快照形状（无伪造 READY）
2026-10-03T10:24:16.3173925Z ok 13 - metrics：未认证 401；认证后计数器/快照形状（无伪造 READY）
2026-10-03T10:24:16.3203510Z   ---
2026-10-03T10:24:16.3235983Z   duration_ms: 7.415379
2026-10-03T10:24:16.3264740Z   type: 'test'
2026-10-03T10:24:16.3265310Z   ...
2026-10-03T10:24:16.3295864Z # Subtest: run-binding 验签合同：BAD_REQUEST 400；有效签名 200；同 nonce 重放 401 REPLAYED_NONCE；坏签名 401；时间窗 401
2026-10-03T10:24:16.3302224Z ok 14 - run-binding 验签合同：BAD_REQUEST 400；有效签名 200；同 nonce 重放 401 REPLAYED_NONCE；坏签名 401；时间窗 401
2026-10-03T10:24:16.3303141Z   ---
2026-10-03T10:24:16.3323434Z   duration_ms: 14.68941
2026-10-03T10:24:16.3364035Z   type: 'test'
2026-10-03T10:24:16.3413493Z   ...
2026-10-03T10:24:16.3436233Z # Subtest: keystore 轮换：无 CSRF 403；非 admin 403（含 denial）；admin 轮换后旧 key 即刻失效、新 key 可用、secret 不回显
2026-10-03T10:24:16.3437475Z ok 15 - keystore 轮换：无 CSRF 403；非 admin 403（含 denial）；admin 轮换后旧 key 即刻失效、新 key 可用、secret 不回显
2026-10-03T10:24:16.3438085Z   ---
2026-10-03T10:24:16.3438427Z   duration_ms: 12.858348
2026-10-03T10:24:16.3440829Z   type: 'test'
2026-10-03T10:24:16.3441227Z   ...
2026-10-03T10:24:16.3441994Z # Subtest: run-binding：keystore 无有效 key → 401 RUN_BINDING_AUTH_BLOCKED（fail-closed）
2026-10-03T10:24:16.3443105Z ok 16 - run-binding：keystore 无有效 key → 401 RUN_BINDING_AUTH_BLOCKED（fail-closed）
2026-10-03T10:24:16.3443749Z   ---
2026-10-03T10:24:16.3444049Z   duration_ms: 2.736557
2026-10-03T10:24:16.3444462Z   type: 'test'
2026-10-03T10:24:16.3444766Z   ...
2026-10-03T10:24:16.3445515Z # Subtest: enforcement gate：默认 off 放行；enforce=1 且 C 链未 READY → runPipeline 拒绝启动并留审计
2026-10-03T10:24:16.3446477Z ok 17 - enforcement gate：默认 off 放行；enforce=1 且 C 链未 READY → runPipeline 拒绝启动并留审计
2026-10-03T10:24:16.3447029Z   ---
2026-10-03T10:24:16.3447340Z   duration_ms: 4.283659
2026-10-03T10:24:16.3447691Z   type: 'test'
2026-10-03T10:24:16.3448181Z   ...
2026-10-03T10:24:16.3448928Z # Subtest: enforceGate/env 层：enforce 缺省 off；auditEvent 缺 actor 直接抛错（NOT NULL 纪律）
2026-10-03T10:24:16.3449876Z ok 18 - enforceGate/env 层：enforce 缺省 off；auditEvent 缺 actor 直接抛错（NOT NULL 纪律）
2026-10-03T10:24:16.3450466Z   ---
2026-10-03T10:24:16.3450776Z   duration_ms: 0.595248
2026-10-03T10:24:16.3451123Z   type: 'test'
2026-10-03T10:24:16.3451430Z   ...
2026-10-03T10:24:16.3452013Z # Subtest: 模型缓存负向：篡改文件后 status 探测到 CORRUPT（内容寻址 fail-closed）
2026-10-03T10:24:16.3452721Z ok 19 - 模型缓存负向：篡改文件后 status 探测到 CORRUPT（内容寻址 fail-closed）
2026-10-03T10:24:16.3483270Z   ---
2026-10-03T10:24:16.3513573Z   duration_ms: 9.452865
2026-10-03T10:24:16.3514014Z   type: 'test'
2026-10-03T10:24:16.3514369Z   ...
2026-10-03T10:24:16.3515563Z # Subtest: L-1：timestamp 非有限数值 fail-closed（NaN/Infinity/非数字 → 401 INVALID_TIMESTAMP）；缺字段仍 400
2026-10-03T10:24:16.3516724Z ok 20 - L-1：timestamp 非有限数值 fail-closed（NaN/Infinity/非数字 → 401 INVALID_TIMESTAMP）；缺字段仍 400
2026-10-03T10:24:16.3539892Z   ---
2026-10-03T10:24:16.3564657Z   duration_ms: 21.10937
2026-10-03T10:24:16.3593454Z   type: 'test'
2026-10-03T10:24:16.3603473Z   ...
2026-10-03T10:24:16.3634106Z # Subtest: M-1：nonce TTL 过期自动清理 + 清理后捕获重放被 skew 拒绝（时钟注入，默认 TTL=10min 下限）
2026-10-03T10:24:16.3654227Z ok 21 - M-1：nonce TTL 过期自动清理 + 清理后捕获重放被 skew 拒绝（时钟注入，默认 TTL=10min 下限）
2026-10-03T10:24:16.3663449Z   ---
2026-10-03T10:24:16.3693653Z   duration_ms: 1.137819
2026-10-03T10:24:16.3713794Z   type: 'test'
2026-10-03T10:24:16.3733681Z   ...
2026-10-03T10:24:16.3735087Z # Subtest: M-1：容量上限 FIFO 淘汰（CAP=4：第 5 个成功验签后最旧 nonce 被淘汰，占用恒 ≤ CAP）
2026-10-03T10:24:16.3736203Z ok 22 - M-1：容量上限 FIFO 淘汰（CAP=4：第 5 个成功验签后最旧 nonce 被淘汰，占用恒 ≤ CAP）
2026-10-03T10:24:16.3737081Z   ---
2026-10-03T10:24:16.3758013Z   duration_ms: 0.944673
2026-10-03T10:24:16.3758441Z   type: 'test'
2026-10-03T10:24:16.3758757Z   ...
2026-10-03T10:24:16.3759421Z # Subtest: M-1：并发语义——20 个并发同 nonce 验签恰好 1 个成功；30 个并发不同 nonce 全部成功
2026-10-03T10:24:16.3760128Z ok 23 - M-1：并发语义——20 个并发同 nonce 验签恰好 1 个成功；30 个并发不同 nonce 全部成功
2026-10-03T10:24:16.3760581Z   ---
2026-10-03T10:24:16.3760881Z   duration_ms: 3.123759
2026-10-03T10:24:16.3761216Z   type: 'test'
2026-10-03T10:24:16.3761912Z   ...
2026-10-03T10:24:16.3762521Z # Subtest: M-2：同源拒绝审计封顶（cap=5：8 次失败→5 次审计+3 次 suppressed；拒绝语义不变；成功验签不受限）
2026-10-03T10:24:16.3763471Z ok 24 - M-2：同源拒绝审计封顶（cap=5：8 次失败→5 次审计+3 次 suppressed；拒绝语义不变；成功验签不受限）
2026-10-03T10:24:16.3763919Z   ---
2026-10-03T10:24:16.3764199Z   duration_ms: 21.086201
2026-10-03T10:24:16.3764519Z   type: 'test'
2026-10-03T10:24:16.3764799Z   ...
2026-10-03T10:24:16.3765527Z # Subtest: L-2：rotate 的 CSRF timing-safe——错误 token 403 / 长度不同 token 403 / 正确 token 200
2026-10-03T10:24:16.3766894Z ok 25 - L-2：rotate 的 CSRF timing-safe——错误 token 403 / 长度不同 token 403 / 正确 token 200
2026-10-03T10:24:16.3767374Z   ---
2026-10-03T10:24:16.3767673Z   duration_ms: 3.721349
2026-10-03T10:24:16.3768016Z   type: 'test'
2026-10-03T10:24:16.3768320Z   ...
2026-10-03T10:24:16.3768783Z # Subtest: model cache: 未配置 → NOT_CONFIGURED + 阻塞条件
2026-10-03T10:24:16.3769352Z ok 26 - model cache: 未配置 → NOT_CONFIGURED + 阻塞条件
2026-10-03T10:24:16.3769757Z   ---
2026-10-03T10:24:16.3770045Z   duration_ms: 0.791869
2026-10-03T10:24:16.3770393Z   type: 'test'
2026-10-03T10:24:16.3770695Z   ...
2026-10-03T10:24:16.3771340Z # Subtest: model cache: 真实文件+正确 manifest → READY；篡改 → CORRUPT；缺文件 → CORRUPT
2026-10-03T10:24:16.3772177Z ok 27 - model cache: 真实文件+正确 manifest → READY；篡改 → CORRUPT；缺文件 → CORRUPT
2026-10-03T10:24:16.3772664Z   ---
2026-10-03T10:24:16.3773124Z   duration_ms: 1.285776
2026-10-03T10:24:16.3773499Z   type: 'test'
2026-10-03T10:24:16.3773806Z   ...
2026-10-03T10:24:16.3774476Z # Subtest: attestation: 未配置 → NOT_CONFIGURED；不可达（真实关闭端口）→ UNREACHABLE fail-closed
2026-10-03T10:24:16.3775333Z ok 28 - attestation: 未配置 → NOT_CONFIGURED；不可达（真实关闭端口）→ UNREACHABLE fail-closed
2026-10-03T10:24:16.3775847Z   ---
2026-10-03T10:24:16.3776146Z   duration_ms: 19.889341
2026-10-03T10:24:16.3776491Z   type: 'test'
2026-10-03T10:24:16.3776797Z   ...
2026-10-03T10:24:16.3777381Z # Subtest: attestation: 形状完整+key_id 匹配 → ATTESTED；key_id 不符 → INVALID
2026-10-03T10:24:16.3778117Z ok 29 - attestation: 形状完整+key_id 匹配 → ATTESTED；key_id 不符 → INVALID
2026-10-03T10:24:16.3778602Z   ---
2026-10-03T10:24:16.3778882Z   duration_ms: 0.687975
2026-10-03T10:24:16.3779221Z   type: 'test'
2026-10-03T10:24:16.3779515Z   ...
2026-10-03T10:24:16.3780089Z # Subtest: run-binding-auth: 未预置 → BLOCKED 语义；正确签名 → ok；错签/重放/过期 → 拒绝
2026-10-03T10:24:16.3780856Z ok 30 - run-binding-auth: 未预置 → BLOCKED 语义；正确签名 → ok；错签/重放/过期 → 拒绝
2026-10-03T10:24:16.3781373Z   ---
2026-10-03T10:24:16.3781909Z   duration_ms: 2.083604
2026-10-03T10:24:16.3782287Z   type: 'test'
2026-10-03T10:24:16.3782600Z   ...
2026-10-03T10:24:16.3783316Z # Subtest: cchainStatus: 聚合 BLOCKED 且逐项给出具体阻塞条件（不伪造 READY）
2026-10-03T10:24:16.3784044Z ok 31 - cchainStatus: 聚合 BLOCKED 且逐项给出具体阻塞条件（不伪造 READY）
2026-10-03T10:24:16.3784503Z   ---
2026-10-03T10:24:16.3784811Z   duration_ms: 0.225262
2026-10-03T10:24:16.3785162Z   type: 'test'
2026-10-03T10:24:16.3785480Z   ...
2026-10-03T10:24:16.3785929Z # Subtest: org-search: 匿名 401（不泄漏服务状态）
2026-10-03T10:24:16.3786464Z ok 32 - org-search: 匿名 401（不泄漏服务状态）
2026-10-03T10:24:16.3787015Z   ---
2026-10-03T10:24:16.3787326Z   duration_ms: 60.781093
2026-10-03T10:24:16.3787748Z   type: 'test'
2026-10-03T10:24:16.3788060Z   ...
2026-10-03T10:24:16.3788693Z # Subtest: org-search: feature flag 关闭 → a_chain_disabled（诚实，不冒充检索结果）
2026-10-03T10:24:16.3789514Z ok 33 - org-search: feature flag 关闭 → a_chain_disabled（诚实，不冒充检索结果）
2026-10-03T10:24:16.3790016Z   ---
2026-10-03T10:24:16.3790351Z   duration_ms: 32.896399
2026-10-03T10:24:16.3790702Z   type: 'test'
2026-10-03T10:24:16.3791011Z   ...
2026-10-03T10:24:16.3791684Z # Subtest: org-search: 上游不可达 → 503 degraded + 空结果 + x-rag-service-state 头（不冒充）
2026-10-03T10:24:16.3792603Z ok 34 - org-search: 上游不可达 → 503 degraded + 空结果 + x-rag-service-state 头（不冒充）
2026-10-03T10:24:16.3793256Z   ---
2026-10-03T10:24:16.3793565Z   duration_ms: 14.371
2026-10-03T10:24:16.3793914Z   type: 'test'
2026-10-03T10:24:16.3794229Z   ...
2026-10-03T10:24:16.3794943Z # Subtest: audit: 未接线（无 DSN）→ core_source=BACKEND_NOT_WIRED，gate_decisions 空（不冒充零决策）
2026-10-03T10:24:16.3795921Z ok 35 - audit: 未接线（无 DSN）→ core_source=BACKEND_NOT_WIRED，gate_decisions 空（不冒充零决策）
2026-10-03T10:24:16.3796477Z   ---
2026-10-03T10:24:16.3796791Z   duration_ms: 6.833331
2026-10-03T10:24:16.3797142Z   type: 'test'
2026-10-03T10:24:16.3797455Z   ...
2026-10-03T10:24:16.3798075Z # Subtest: health: 无 DSN 仍 200 且 data_mode 声明为 snapshot（降级不伪装 live）
2026-10-03T10:24:16.3798876Z ok 36 - health: 无 DSN 仍 200 且 data_mode 声明为 snapshot（降级不伪装 live）
2026-10-03T10:24:16.3799361Z   ---
2026-10-03T10:24:16.3799666Z   duration_ms: 5.169296
2026-10-03T10:24:16.3800010Z   type: 'test'
2026-10-03T10:24:16.3800330Z   ...
2026-10-03T10:24:16.4100416Z # Subtest: unauthenticated core APIs → 401 contract shape {error:{reason}}
2026-10-03T10:24:16.4101229Z ok 37 - unauthenticated core APIs → 401 contract shape {error:{reason}}
2026-10-03T10:24:16.4101549Z   ---
2026-10-03T10:24:16.4101722Z   duration_ms: 53.762279
2026-10-03T10:24:16.4101920Z   type: 'test'
2026-10-03T10:24:16.4102093Z   ...
2026-10-03T10:24:16.4313434Z # Subtest: login lifecycle: bad creds 401 → login 200 → session echo → logout requires CSRF → dead session
2026-10-03T10:24:16.4336843Z ok 38 - login lifecycle: bad creds 401 → login 200 → session echo → logout requires CSRF → dead session
2026-10-03T10:24:16.4337495Z   ---
2026-10-03T10:24:16.4337745Z   duration_ms: 37.973573
2026-10-03T10:24:16.4338035Z   type: 'test'
2026-10-03T10:24:16.4338270Z   ...
2026-10-03T10:24:16.4524829Z # Subtest: core APIs authed: BACKEND_NOT_WIRED honest empty + allowlist 403
2026-10-03T10:24:16.4554204Z ok 39 - core APIs authed: BACKEND_NOT_WIRED honest empty + allowlist 403
2026-10-03T10:24:16.4554964Z   ---
2026-10-03T10:24:16.4587230Z   duration_ms: 18.08884
2026-10-03T10:24:16.4613598Z   type: 'test'
2026-10-03T10:24:16.4641955Z   ...
2026-10-03T10:24:16.4686207Z # Subtest: unknown API → 404; malformed JSON body → 400
2026-10-03T10:24:16.4769314Z ok 40 - unknown API → 404; malformed JSON body → 400
2026-10-03T10:24:16.4793747Z   ---
2026-10-03T10:24:16.4803851Z   duration_ms: 8.662639
2026-10-03T10:24:16.4804383Z   type: 'test'
2026-10-03T10:24:16.4804768Z   ...
2026-10-03T10:24:16.4805289Z # Subtest: BACKEND_ERROR honest when DSN unreachable
2026-10-03T10:24:16.4805968Z ok 41 - BACKEND_ERROR honest when DSN unreachable
2026-10-03T10:24:16.4806464Z   ---
2026-10-03T10:24:16.4806844Z   duration_ms: 7.47017
2026-10-03T10:24:16.4807245Z   type: 'test'
2026-10-03T10:24:16.4807633Z   ...
2026-10-03T10:24:16.4808556Z # Subtest: GET /api/overview — 401 unauth; authed shape with honest stages
2026-10-03T10:24:16.4809507Z ok 42 - GET /api/overview — 401 unauth; authed shape with honest stages
2026-10-03T10:24:16.4810093Z   ---
2026-10-03T10:24:16.4810464Z   duration_ms: 16.45213
2026-10-03T10:24:16.4810865Z   type: 'test'
2026-10-03T10:24:16.4811224Z   ...
2026-10-03T10:24:16.5084659Z # Subtest: 有效 PRODUCE 决策 → PASSED（stage_source 断言与决策一致）
2026-10-03T10:24:16.5215530Z ok 43 - 有效 PRODUCE 决策 → PASSED（stage_source 断言与决策一致）
2026-10-03T10:24:16.5243568Z   ---
2026-10-03T10:24:16.5270321Z   duration_ms: 0.982509
2026-10-03T10:24:16.5270850Z   type: 'test'
2026-10-03T10:24:16.5271266Z   ...
2026-10-03T10:24:16.5271884Z # Subtest: REFUSE 决策 → BLOCKED
2026-10-03T10:24:16.5272436Z ok 44 - REFUSE 决策 → BLOCKED
2026-10-03T10:24:16.5273008Z   ---
2026-10-03T10:24:16.5273394Z   duration_ms: 0.144944
2026-10-03T10:24:16.5273814Z   type: 'test'
2026-10-03T10:24:16.5274188Z   ...
2026-10-03T10:24:16.5274919Z # Subtest: decision 缺失/无法识别 → UNKNOWN（fail-closed：绝不冒充 PASSED）
2026-10-03T10:24:16.5275755Z ok 45 - decision 缺失/无法识别 → UNKNOWN（fail-closed：绝不冒充 PASSED）
2026-10-03T10:24:16.5276147Z   ---
2026-10-03T10:24:16.5276386Z   duration_ms: 0.615678
2026-10-03T10:24:16.5276647Z   type: 'test'
2026-10-03T10:24:16.5276861Z   ...
2026-10-03T10:24:16.5277178Z # Subtest: UNKNOWN 属于 stages_enum（前端可映射，stage_counts 可计数）
2026-10-03T10:24:16.5277566Z ok 46 - UNKNOWN 属于 stages_enum（前端可映射，stage_counts 可计数）
2026-10-03T10:24:16.5277806Z   ---
2026-10-03T10:24:16.5277966Z   duration_ms: 2.289808
2026-10-03T10:24:16.5278176Z   type: 'test'
2026-10-03T10:24:16.5278333Z   ...
2026-10-03T10:24:16.5278681Z # Subtest: 配置归一：服务未声明 → 保守 snapshot；仅显式声明 contract+available 才启用
2026-10-03T10:24:16.5279108Z ok 47 - 配置归一：服务未声明 → 保守 snapshot；仅显式声明 contract+available 才启用
2026-10-03T10:24:16.5279367Z   ---
2026-10-03T10:24:16.5279535Z   duration_ms: 1.934003
2026-10-03T10:24:16.5279724Z   type: 'test'
2026-10-03T10:24:16.5279876Z   ...
2026-10-03T10:24:16.5280187Z # Subtest: 源分离：contract 源只调用契约端点，绝不读 snapshot /api/runs
2026-10-03T10:24:16.5280555Z ok 48 - 源分离：contract 源只调用契约端点，绝不读 snapshot /api/runs
2026-10-03T10:24:16.5280793Z   ---
2026-10-03T10:24:16.5280959Z   duration_ms: 0.862422
2026-10-03T10:24:16.5281150Z   type: 'test'
2026-10-03T10:24:16.5281304Z   ...
2026-10-03T10:24:16.5281549Z # Subtest: snapshot 源只调用 /api/runs，不调用契约端点
2026-10-03T10:24:16.5281849Z ok 49 - snapshot 源只调用 /api/runs，不调用契约端点
2026-10-03T10:24:16.5282049Z   ---
2026-10-03T10:24:16.5282202Z   duration_ms: 0.786611
2026-10-03T10:24:16.5282382Z   type: 'test'
2026-10-03T10:24:16.5282549Z   ...
2026-10-03T10:24:16.5282810Z # Subtest: 契约源失败不回退：404/错误原样抛出（错误不冒充空数据）
2026-10-03T10:24:16.5283408Z ok 50 - 契约源失败不回退：404/错误原样抛出（错误不冒充空数据）
2026-10-03T10:24:16.5283713Z   ---
2026-10-03T10:24:16.5283951Z   duration_ms: 0.65759
2026-10-03T10:24:16.5284216Z   type: 'test'
2026-10-03T10:24:16.5284482Z   ...
2026-10-03T10:24:16.5284919Z # Subtest: 竞态守卫：cancel 后一切 token 失效；新代次使旧代次过期
2026-10-03T10:24:16.5285704Z ok 51 - 竞态守卫：cancel 后一切 token 失效；新代次使旧代次过期
2026-10-03T10:24:16.5286060Z   ---
2026-10-03T10:24:16.5286303Z   duration_ms: 0.257269
2026-10-03T10:24:16.5286594Z   type: 'test'
2026-10-03T10:24:16.5286839Z   ...
2026-10-03T10:24:16.5287342Z # Subtest: 契约视图映射：pending_tickets 为真实待办；stale HIGH 不生成当前待办
2026-10-03T10:24:16.5287977Z ok 52 - 契约视图映射：pending_tickets 为真实待办；stale HIGH 不生成当前待办
2026-10-03T10:24:16.5288346Z   ---
2026-10-03T10:24:16.5288590Z   duration_ms: 0.328455
2026-10-03T10:24:16.5288876Z   type: 'test'
2026-10-03T10:24:16.5289102Z   ...
2026-10-03T10:24:16.5289624Z # Subtest: 契约视图：stale 标记透传到 review；当前 head 透传；runCountExact=false
2026-10-03T10:24:16.5290575Z ok 53 - 契约视图：stale 标记透传到 review；当前 head 透传；runCountExact=false
2026-10-03T10:24:16.5291019Z   ---
2026-10-03T10:24:16.5291262Z   duration_ms: 0.446158
2026-10-03T10:24:16.5291555Z   type: 'test'
2026-10-03T10:24:16.5291798Z   ...
2026-10-03T10:24:16.5292260Z # Subtest: pulls fixture 文件本身满足契约形状并带 fixture 标记
2026-10-03T10:24:16.5292835Z ok 54 - pulls fixture 文件本身满足契约形状并带 fixture 标记
2026-10-03T10:24:16.5293484Z   ---
2026-10-03T10:24:16.5293724Z   duration_ms: 0.468772
2026-10-03T10:24:16.5294007Z   type: 'test'
2026-10-03T10:24:16.5294248Z   ...
2026-10-03T10:24:46.7787200Z # Subtest: K1 boot：gateway 漂移 → 补丁为 deepseek-direct（假 mc 驱动真实脚本）
2026-10-03T10:24:46.7788038Z ok 55 - K1 boot：gateway 漂移 → 补丁为 deepseek-direct（假 mc 驱动真实脚本）
2026-10-03T10:24:46.7788476Z   ---
2026-10-03T10:24:46.7788737Z   duration_ms: 96.060257
2026-10-03T10:24:46.7789029Z   type: 'test'
2026-10-03T10:24:46.7789285Z   ...
2026-10-03T10:24:46.7790357Z # Subtest: K2 幂等：已 correct → 重复 boot 零改写（mtime 不变）
2026-10-03T10:24:46.7792514Z ok 56 - K2 幂等：已 correct → 重复 boot 零改写（mtime 不变）
2026-10-03T10:24:46.7793017Z   ---
2026-10-03T10:24:46.7801621Z   duration_ms: 55.04378
2026-10-03T10:24:46.7801935Z   type: 'test'
2026-10-03T10:24:46.7802182Z   ...
2026-10-03T10:24:46.7802715Z # Subtest: K3 watch：运行期漂移 → 静默重补丁（脚本存在且含 watch 分支）
2026-10-03T10:24:46.7803538Z ok 57 - K3 watch：运行期漂移 → 静默重补丁（脚本存在且含 watch 分支）
2026-10-03T10:24:46.7803911Z   ---
2026-10-03T10:24:46.7804162Z   duration_ms: 57.317369
2026-10-03T10:24:46.7804447Z   type: 'test'
2026-10-03T10:24:46.7804693Z   ...
2026-10-03T10:24:46.7805115Z # Subtest: K4 配置未就绪（坏 JSON）→ boot 不崩且不改写
2026-10-03T10:24:46.7805583Z ok 58 - K4 配置未就绪（坏 JSON）→ boot 不崩且不改写
2026-10-03T10:24:46.7805910Z   ---
2026-10-03T10:24:46.7806149Z   duration_ms: 30134.281293
2026-10-03T10:24:46.7806448Z   type: 'test'
2026-10-03T10:24:46.7806699Z   ...
2026-10-03T10:24:46.7807214Z # Subtest: K5 工件卫生：脚本零内嵌凭据 + provision 幂等守卫 + 无临时残留
2026-10-03T10:24:46.7807828Z ok 59 - K5 工件卫生：脚本零内嵌凭据 + provision 幂等守卫 + 无临时残留
2026-10-03T10:24:46.7808213Z   ---
2026-10-03T10:24:46.7808459Z   duration_ms: 0.954668
2026-10-03T10:24:46.7808739Z   type: 'test'
2026-10-03T10:24:46.7808977Z   ...
2026-10-03T10:24:46.7874776Z # Subtest: 发行/部署 compose 宿主端口映射全部显式绑定回环（不得回退 0.0.0.0）
2026-10-03T10:24:46.7875192Z ok 60 - 发行/部署 compose 宿主端口映射全部显式绑定回环（不得回退 0.0.0.0）
2026-10-03T10:24:46.7875514Z   ---
2026-10-03T10:24:46.7876337Z   duration_ms: 3.305987
2026-10-03T10:24:46.7876646Z   type: 'test'
2026-10-03T10:24:46.7876843Z   ...
2026-10-03T10:24:46.7877182Z # Subtest: artifact 全链（真 MinIO）
2026-10-03T10:24:46.7877569Z ok 61 - artifact 全链（真 MinIO）
2026-10-03T10:24:46.7877776Z   ---
2026-10-03T10:24:46.7877999Z   duration_ms: 122.944886
2026-10-03T10:24:46.7878248Z   type: 'test'
2026-10-03T10:24:46.7878411Z   ...
2026-10-03T10:24:46.7878727Z # Subtest: archiveAttempt + artifactStatusOf（memStore + 真 S3）
2026-10-03T10:24:46.7879287Z ok 62 - archiveAttempt + artifactStatusOf（memStore + 真 S3）
2026-10-03T10:24:46.7879637Z   ---
2026-10-03T10:24:46.7879810Z   duration_ms: 49.33892
2026-10-03T10:24:46.7880085Z   type: 'test'
2026-10-03T10:24:46.7880277Z   ...
2026-10-03T10:24:46.7880549Z # Subtest: secretShape 基本豁免
2026-10-03T10:24:46.7880850Z ok 63 - secretShape 基本豁免
2026-10-03T10:24:46.7881108Z   ---
2026-10-03T10:24:46.7881329Z   duration_ms: 0.306493
2026-10-03T10:24:46.7881578Z   type: 'test'
2026-10-03T10:24:46.7881807Z   ...
2026-10-03T10:24:46.7882076Z # To /tmp/fxvexec-1G5eP3/o.git
2026-10-03T10:24:46.7882391Z #  * [new branch]      main -> main
2026-10-03T10:24:46.7882732Z # To /tmp/fxvexec-nmAJ5B/o.git
2026-10-03T10:24:46.7883289Z #  * [new branch]      main -> main
2026-10-03T10:24:46.7883862Z # Subtest: exec 全链：真 fixer+verifier 子进程 → DRY_RUN_COMPLETE（digest=rule@head 公式一致）
2026-10-03T10:24:46.7884580Z ok 64 - exec 全链：真 fixer+verifier 子进程 → DRY_RUN_COMPLETE（digest=rule@head 公式一致）
2026-10-03T10:24:46.7884948Z   ---
2026-10-03T10:24:46.7885170Z   duration_ms: 257.871734
2026-10-03T10:24:46.7885662Z   type: 'test'
2026-10-03T10:24:46.7885827Z   ...
2026-10-03T10:24:46.7886080Z # To /tmp/fxvexec-5b44ZD/o.git
2026-10-03T10:24:46.7886488Z #  * [new branch]      main -> main
2026-10-03T10:24:46.7887044Z # Subtest: exec empty patch：pattern==replacement → PATCH_EMPTY → ERROR_FATAL
2026-10-03T10:24:46.7887626Z ok 65 - exec empty patch：pattern==replacement → PATCH_EMPTY → ERROR_FATAL
2026-10-03T10:24:46.7887915Z   ---
2026-10-03T10:24:46.7888087Z   duration_ms: 108.345334
2026-10-03T10:24:46.7888273Z   type: 'test'
2026-10-03T10:24:46.7888430Z   ...
2026-10-03T10:24:46.7888612Z # To /tmp/fxvexec-bM1QlU/o.git
2026-10-03T10:24:46.7888942Z #  * [new branch]      main -> main
2026-10-03T10:24:46.7889499Z # Subtest: exec pattern 不在 head 上 → PATTERN_NOT_FOUND_AT_HEAD → ERROR_FATAL
2026-10-03T10:24:46.7890211Z ok 66 - exec pattern 不在 head 上 → PATTERN_NOT_FOUND_AT_HEAD → ERROR_FATAL
2026-10-03T10:24:46.7890555Z   ---
2026-10-03T10:24:46.7890763Z   duration_ms: 158.971452
2026-10-03T10:24:46.7891025Z   type: 'test'
2026-10-03T10:24:46.7891216Z   ...
2026-10-03T10:24:46.7891449Z # To /tmp/fxvexec-WXaSto/o.git
2026-10-03T10:24:46.7891817Z #  * [new branch]      main -> main
2026-10-03T10:24:46.7892306Z # Subtest: exec verifier 独立拒绝：digest 绑定不符（rule 改写后立案摘要仍旧）→ DIGEST_DRIFT
2026-10-03T10:24:46.7893032Z ok 67 - exec verifier 独立拒绝：digest 绑定不符（rule 改写后立案摘要仍旧）→ DIGEST_DRIFT
2026-10-03T10:24:46.7893343Z   ---
2026-10-03T10:24:46.7893596Z   duration_ms: 93.684892
2026-10-03T10:24:46.7893790Z   type: 'test'
2026-10-03T10:24:46.7894005Z   ...
2026-10-03T10:24:46.7894240Z # To /tmp/fxvexec-kz0sif/o.git
2026-10-03T10:24:46.7894551Z #  * [new branch]      main -> main
2026-10-03T10:24:46.7894932Z # Subtest: exec harness 失败（真子进程退出码）→ TEST_FAILED
2026-10-03T10:24:46.7895408Z ok 68 - exec harness 失败（真子进程退出码）→ TEST_FAILED
2026-10-03T10:24:46.7895701Z   ---
2026-10-03T10:24:46.7895919Z   duration_ms: 179.505504
2026-10-03T10:24:46.7896172Z   type: 'test'
2026-10-03T10:24:46.7896334Z   ...
2026-10-03T10:24:46.7896745Z # Subtest: ruleDigest 公式与 fixer 产出一致（同一 head/rule）
2026-10-03T10:24:46.7897308Z ok 69 - ruleDigest 公式与 fixer 产出一致（同一 head/rule）
2026-10-03T10:24:46.7897693Z   ---
2026-10-03T10:24:46.7897936Z   duration_ms: 116.131095
2026-10-03T10:24:46.7898223Z   type: 'test'
2026-10-03T10:24:46.7898471Z   ...
2026-10-03T10:24:46.7898936Z # Subtest: createFxvStore 存在性（PG 路径由 staging smoke 覆盖）
2026-10-03T10:24:46.7899712Z ok 70 - createFxvStore 存在性（PG 路径由 staging smoke 覆盖）
2026-10-03T10:24:46.7900107Z   ---
2026-10-03T10:24:46.7900349Z   duration_ms: 0.271441
2026-10-03T10:24:46.7900627Z   type: 'test'
2026-10-03T10:24:46.7900868Z   ...
2026-10-03T10:24:46.7901285Z # Subtest: config: 空 allowlist fail-closed 拒绝运行
2026-10-03T10:24:46.7901827Z ok 71 - config: 空 allowlist fail-closed 拒绝运行
2026-10-03T10:24:46.7902182Z   ---
2026-10-03T10:24:46.7902418Z   duration_ms: 0.864906
2026-10-03T10:24:46.7902690Z   type: 'test'
2026-10-03T10:24:46.7903071Z   ...
2026-10-03T10:24:46.7903511Z # Subtest: config: dry-run 默认开启；GitHub 写默认 disabled
2026-10-03T10:24:46.7904250Z ok 72 - config: dry-run 默认开启；GitHub 写默认 disabled
2026-10-03T10:24:46.7904614Z   ---
2026-10-03T10:24:46.7904852Z   duration_ms: 0.204141
2026-10-03T10:24:46.7905126Z   type: 'test'
2026-10-03T10:24:46.7905367Z   ...
2026-10-03T10:24:46.7905765Z # Subtest: config: 非法 FXV_GITHUB_WRITE 值拒绝
2026-10-03T10:24:46.7906262Z ok 73 - config: 非法 FXV_GITHUB_WRITE 值拒绝
2026-10-03T10:24:46.7906600Z   ---
2026-10-03T10:24:46.7906856Z   duration_ms: 0.118625
2026-10-03T10:24:46.7907127Z   type: 'test'
2026-10-03T10:24:46.7907365Z   ...
2026-10-03T10:24:46.7907720Z # Subtest: allowlist: 越仓库/越分支拒绝
2026-10-03T10:24:46.7908116Z ok 74 - allowlist: 越仓库/越分支拒绝
2026-10-03T10:24:46.7908415Z   ---
2026-10-03T10:24:46.7908682Z   duration_ms: 0.151023
2026-10-03T10:24:46.7908967Z   type: 'test'
2026-10-03T10:24:46.7909211Z   ...
2026-10-03T10:24:46.7909660Z # Subtest: transition: 非法转迁拒绝（FILED 不能直接 VERIFIED）
2026-10-03T10:24:46.7910032Z ok 75 - transition: 非法转迁拒绝（FILED 不能直接 VERIFIED）
2026-10-03T10:24:46.7910254Z   ---
2026-10-03T10:24:46.7910435Z   duration_ms: 1.361729
2026-10-03T10:24:46.7910621Z   type: 'test'
2026-10-03T10:24:46.7910778Z   ...
2026-10-03T10:24:46.7911027Z # Subtest: transition: 幂等重放同一转迁返回 idempotent
2026-10-03T10:24:46.7911329Z ok 76 - transition: 幂等重放同一转迁返回 idempotent
2026-10-03T10:24:46.7911535Z   ---
2026-10-03T10:24:46.7911685Z   duration_ms: 0.283668
2026-10-03T10:24:46.7911863Z   type: 'test'
2026-10-03T10:24:46.7912024Z   ...
2026-10-03T10:24:46.7912291Z # Subtest: transition: expected-state 不匹配拒绝（并发视角）
2026-10-03T10:24:46.7912621Z ok 77 - transition: expected-state 不匹配拒绝（并发视角）
2026-10-03T10:24:46.7912840Z   ---
2026-10-03T10:24:46.7913246Z   duration_ms: 0.427701
2026-10-03T10:24:46.7913515Z   type: 'test'
2026-10-03T10:24:46.7913752Z   ...
2026-10-03T10:24:46.7914191Z # Subtest: binding: head 漂移 → STALE_HEAD 终态 + 冲突异常
2026-10-03T10:24:46.7914756Z ok 78 - binding: head 漂移 → STALE_HEAD 终态 + 冲突异常
2026-10-03T10:24:46.7915093Z   ---
2026-10-03T10:24:46.7915326Z   duration_ms: 0.328565
2026-10-03T10:24:46.7915621Z   type: 'test'
2026-10-03T10:24:46.7915867Z   ...
2026-10-03T10:24:46.7916305Z # Subtest: binding: patch digest 漂移 → DIGEST_DRIFT 终态
2026-10-03T10:24:46.7916882Z ok 79 - binding: patch digest 漂移 → DIGEST_DRIFT 终态
2026-10-03T10:24:46.7917249Z   ---
2026-10-03T10:24:46.7917482Z   duration_ms: 0.555119
2026-10-03T10:24:46.7917758Z   type: 'test'
2026-10-03T10:24:46.7918004Z   ...
2026-10-03T10:24:46.7918844Z # Subtest: pipeline: dry-run 默认全链到 DRY_RUN_COMPLETE（不发真实写）
2026-10-03T10:24:46.7919515Z ok 80 - pipeline: dry-run 默认全链到 DRY_RUN_COMPLETE（不发真实写）
2026-10-03T10:24:46.7919903Z   ---
2026-10-03T10:24:46.7920144Z   duration_ms: 1.973101
2026-10-03T10:24:46.7920413Z   type: 'test'
2026-10-03T10:24:46.7920655Z   ...
2026-10-03T10:24:46.7921172Z # Subtest: pipeline: handler 缺失 → MANUAL_WAIT（fail-closed，不伪成功）
2026-10-03T10:24:46.7921867Z ok 81 - pipeline: handler 缺失 → MANUAL_WAIT（fail-closed，不伪成功）
2026-10-03T10:24:46.7922278Z   ---
2026-10-03T10:24:46.7922517Z   duration_ms: 0.507228
2026-10-03T10:24:46.7922812Z   type: 'test'
2026-10-03T10:24:46.7924392Z   ...
2026-10-03T10:24:46.7924807Z # Subtest: pipeline: 隔离测试失败 → TEST_FAILED
2026-10-03T10:24:46.7925298Z ok 82 - pipeline: 隔离测试失败 → TEST_FAILED
2026-10-03T10:24:46.7925631Z   ---
2026-10-03T10:24:46.7925874Z   duration_ms: 0.659943
2026-10-03T10:24:46.7926166Z   type: 'test'
2026-10-03T10:24:46.7926416Z   ...
2026-10-03T10:24:46.7926930Z # Subtest: pipeline: 越权仓库 → ERROR_FATAL（allowlist 在入口强制）
2026-10-03T10:24:46.7927564Z ok 83 - pipeline: 越权仓库 → ERROR_FATAL（allowlist 在入口强制）
2026-10-03T10:24:46.7927948Z   ---
2026-10-03T10:24:46.7928180Z   duration_ms: 0.313312
2026-10-03T10:24:46.7928467Z   type: 'test'
2026-10-03T10:24:46.7928707Z   ...
2026-10-03T10:24:46.7929235Z # Subtest: pipeline: 补丁含真实凭据形状 → ERROR_FATAL（PATCH_SECRET_SHAPED）
2026-10-03T10:24:46.7929942Z ok 84 - pipeline: 补丁含真实凭据形状 → ERROR_FATAL（PATCH_SECRET_SHAPED）
2026-10-03T10:24:46.7930342Z   ---
2026-10-03T10:24:46.7930587Z   duration_ms: 1.188473
2026-10-03T10:24:46.7930875Z   type: 'test'
2026-10-03T10:24:46.7931332Z   ...
2026-10-03T10:24:46.7931722Z # Subtest: pipeline: 步骤超时 → TIMEOUT 终态
2026-10-03T10:24:46.7932196Z ok 85 - pipeline: 步骤超时 → TIMEOUT 终态
2026-10-03T10:24:46.7932517Z   ---
2026-10-03T10:24:46.7932760Z   duration_ms: 51.156456
2026-10-03T10:24:46.7933196Z   type: 'test'
2026-10-03T10:24:46.7933455Z   ...
2026-10-03T10:24:46.7934004Z # Subtest: pipeline: dry_run=off 且无授权 → AWAITING_GITHUB_GRANT（人工等待）
2026-10-03T10:24:46.7934739Z ok 86 - pipeline: dry_run=off 且无授权 → AWAITING_GITHUB_GRANT（人工等待）
2026-10-03T10:24:46.7935164Z   ---
2026-10-03T10:24:46.7935405Z   duration_ms: 1.207442
2026-10-03T10:24:46.7935679Z   type: 'test'
2026-10-03T10:24:46.7935928Z   ...
2026-10-03T10:24:46.7936621Z # Subtest: gate: githubWrite=disabled 时 consumePipelineGrant 返回 null；write gate assert 抛
2026-10-03T10:24:46.7937609Z ok 87 - gate: githubWrite=disabled 时 consumePipelineGrant 返回 null；write gate assert 抛
2026-10-03T10:24:46.7938143Z   ---
2026-10-03T10:24:46.7938384Z   duration_ms: 0.703889
2026-10-03T10:24:46.7938681Z   type: 'test'
2026-10-03T10:24:46.7938932Z   ...
2026-10-03T10:24:46.7939465Z # Subtest: recover: TTL 过期→EXPIRED；head 漂移→STALE_HEAD；其余 RESUMABLE
2026-10-03T10:24:46.7940184Z ok 88 - recover: TTL 过期→EXPIRED；head 漂移→STALE_HEAD；其余 RESUMABLE
2026-10-03T10:24:46.7940604Z   ---
2026-10-03T10:24:46.7940840Z   duration_ms: 0.946907
2026-10-03T10:24:46.7941116Z   type: 'test'
2026-10-03T10:24:46.7941363Z   ...
2026-10-03T10:24:46.7941794Z # Subtest: secretShapedIn: 合成 fixture 豁免、真实形状命中
2026-10-03T10:24:46.7942350Z ok 89 - secretShapedIn: 合成 fixture 豁免、真实形状命中
2026-10-03T10:24:46.7942574Z   ---
2026-10-03T10:24:46.7942731Z   duration_ms: 0.341805
2026-10-03T10:24:46.7943093Z   type: 'test'
2026-10-03T10:24:46.7943354Z   ...
2026-10-03T10:24:46.7943862Z # Subtest: 契约路径：会话为 GET /api/auth/session；repo 寻址走查询参数且 URL 编码
2026-10-03T10:24:46.7944476Z ok 90 - 契约路径：会话为 GET /api/auth/session；repo 寻址走查询参数且 URL 编码
2026-10-03T10:24:46.7944850Z   ---
2026-10-03T10:24:46.7945068Z   duration_ms: 1.914665
2026-10-03T10:24:46.7945340Z   type: 'test'
2026-10-03T10:24:46.7945562Z   ...
2026-10-03T10:24:46.7945984Z # Subtest: 会话分类矩阵：200/401 两种 reason/403/503/404 各归其位
2026-10-03T10:24:46.7946500Z ok 91 - 会话分类矩阵：200/401 两种 reason/403/503/404 各归其位
2026-10-03T10:24:46.7946830Z   ---
2026-10-03T10:24:46.7947043Z   duration_ms: 0.322596
2026-10-03T10:24:46.7947287Z   type: 'test'
2026-10-03T10:24:46.7947504Z   ...
2026-10-03T10:24:46.7948257Z # Subtest: fetchSession：网络失败=服务不可达（区别于 503 auth_unavailable）；携带同源 Cookie
2026-10-03T10:24:46.7948891Z ok 92 - fetchSession：网络失败=服务不可达（区别于 503 auth_unavailable）；携带同源 Cookie
2026-10-03T10:24:46.7949306Z   ---
2026-10-03T10:24:46.7949529Z   duration_ms: 0.350417
2026-10-03T10:24:46.7949786Z   type: 'test'
2026-10-03T10:24:46.7950004Z   ...
2026-10-03T10:24:46.7950516Z # Subtest: CSRF：全部副作用方法（含 PATCH）必须携带 X-CSRF-Token；缺 token 本地拦截
2026-10-03T10:24:46.7951175Z ok 93 - CSRF：全部副作用方法（含 PATCH）必须携带 X-CSRF-Token；缺 token 本地拦截
2026-10-03T10:24:46.7951537Z   ---
2026-10-03T10:24:46.7951760Z   duration_ms: 1.109387
2026-10-03T10:24:46.7952153Z   type: 'test'
2026-10-03T10:24:46.7952382Z   ...
2026-10-03T10:24:46.7953182Z # Subtest: pulls fixture：data_mode=fixture，形状符合契约 §2（current_head_sha / latest_result.stale）
2026-10-03T10:24:46.7954127Z ok 94 - pulls fixture：data_mode=fixture，形状符合契约 §2（current_head_sha / latest_result.stale）
2026-10-03T10:24:46.7954627Z   ---
2026-10-03T10:24:46.7954846Z   duration_ms: 0.541309
2026-10-03T10:24:46.7955129Z   type: 'test'
2026-10-03T10:24:46.7955349Z   ...
2026-10-03T10:24:46.7955824Z # Subtest: 权威 head 关联：结果按 head 匹配才归当前；进行中=head 无完成结果；其余全 stale
2026-10-03T10:24:46.7956429Z ok 95 - 权威 head 关联：结果按 head 匹配才归当前；进行中=head 无完成结果；其余全 stale
2026-10-03T10:24:46.7956782Z   ---
2026-10-03T10:24:46.7957009Z   duration_ms: 0.341624
2026-10-03T10:24:46.7957273Z   type: 'test'
2026-10-03T10:24:46.7957542Z   ...
2026-10-03T10:24:46.7957948Z # Subtest: 无权威 head（null）→ 返回 null，调用方维持"最近记录"展示
2026-10-03T10:24:46.7958453Z ok 96 - 无权威 head（null）→ 返回 null，调用方维持"最近记录"展示
2026-10-03T10:24:46.7958782Z   ---
2026-10-03T10:24:46.7959024Z   duration_ms: 0.210661
2026-10-03T10:24:46.7959295Z   type: 'test'
2026-10-03T10:24:46.7959543Z   ...
2026-10-03T10:24:46.7959965Z # Subtest: console_v3 适配：mode 标签原样保留，不伪造审查结论
2026-10-03T10:24:46.7960468Z ok 97 - console_v3 适配：mode 标签原样保留，不伪造审查结论
2026-10-03T10:24:46.7960799Z   ---
2026-10-03T10:24:46.7961032Z   duration_ms: 0.245001
2026-10-03T10:24:46.7961301Z   type: 'test'
2026-10-03T10:24:46.7961573Z   ...
2026-10-03T10:24:46.7962011Z # Subtest: console_v3 只读 HTTP 联调：列表→聚合→详情→404→只读边界
2026-10-03T10:24:46.7962705Z ok 98 - console_v3 只读 HTTP 联调：列表→聚合→详情→404→只读边界 # SKIP 未设置 MERGEPILOT_V3_URL
2026-10-03T10:24:46.7963459Z   ---
2026-10-03T10:24:46.7963697Z   duration_ms: 0.525946
2026-10-03T10:24:46.7963960Z   type: 'test'
2026-10-03T10:24:46.7964181Z   ...
2026-10-03T10:24:46.7964593Z # Subtest: 角色×动作矩阵（设计报告 §3 的 Developer 切片）
2026-10-03T10:24:46.7964964Z ok 99 - 角色×动作矩阵（设计报告 §3 的 Developer 切片）
2026-10-03T10:24:46.7965167Z   ---
2026-10-03T10:24:46.7965318Z   duration_ms: 1.088446
2026-10-03T10:24:46.7965508Z   type: 'test'
2026-10-03T10:24:46.7965660Z   ...
2026-10-03T10:24:46.7965911Z # Subtest: 矩阵完备性：每个声明的动作至少被一个角色持有；词汇封闭
2026-10-03T10:24:46.7966185Z ok 100 - 矩阵完备性：每个声明的动作至少被一个角色持有；词汇封闭
2026-10-03T10:24:46.7966376Z   ---
2026-10-03T10:24:46.7966526Z   duration_ms: 0.225263
2026-10-03T10:24:46.7966693Z   type: 'test'
2026-10-03T10:24:46.7966841Z   ...
2026-10-03T10:24:46.7967241Z # Subtest: authorize fail-closed 全路径
2026-10-03T10:24:46.7967513Z ok 101 - authorize fail-closed 全路径
2026-10-03T10:24:46.7967712Z   ---
2026-10-03T10:24:46.7967860Z   duration_ms: 0.281145
2026-10-03T10:24:46.7968028Z   type: 'test'
2026-10-03T10:24:46.7968176Z   ...
2026-10-03T10:24:46.7968365Z # Subtest: authorize 允许路径
2026-10-03T10:24:46.7968744Z ok 102 - authorize 允许路径
2026-10-03T10:24:46.7968991Z   ---
2026-10-03T10:24:46.7969210Z   duration_ms: 0.757557
2026-10-03T10:24:46.7969460Z   type: 'test'
2026-10-03T10:24:46.7969659Z   ...
2026-10-03T10:24:46.7969951Z # Subtest: multiuser 模式下 legacy 登录被拒（session 门，纯 env 语义）
2026-10-03T10:24:46.7970337Z ok 103 - multiuser 模式下 legacy 登录被拒（session 门，纯 env 语义）
2026-10-03T10:24:46.7970568Z   ---
2026-10-03T10:24:46.7970726Z   duration_ms: 0.167006
2026-10-03T10:24:46.7970903Z   type: 'test'
2026-10-03T10:24:46.7971058Z   ...
2026-10-03T10:24:46.7971305Z # Subtest: listRunPacks 只索引带 run 锚点的目录
2026-10-03T10:24:46.7971593Z ok 104 - listRunPacks 只索引带 run 锚点的目录
2026-10-03T10:24:46.7971815Z   ---
2026-10-03T10:24:46.7971967Z   duration_ms: 1.345194
2026-10-03T10:24:46.7972136Z   type: 'test'
2026-10-03T10:24:46.7972287Z   ...
2026-10-03T10:24:46.7972504Z # Subtest: safeResolve 接受包内相对路径
2026-10-03T10:24:46.7972748Z ok 105 - safeResolve 接受包内相对路径
2026-10-03T10:24:46.7973124Z   ---
2026-10-03T10:24:46.7973355Z   duration_ms: 0.364548
2026-10-03T10:24:46.7973610Z   type: 'test'
2026-10-03T10:24:46.7973838Z   ...
2026-10-03T10:24:46.7974289Z # Subtest: safeResolve 拒绝路径穿越（.. / 绝对路径 / 盘符 / 反斜杠 / 空值）
2026-10-03T10:24:46.7974675Z ok 106 - safeResolve 拒绝路径穿越（.. / 绝对路径 / 盘符 / 反斜杠 / 空值）
2026-10-03T10:24:46.7975044Z   ---
2026-10-03T10:24:46.7975196Z   duration_ms: 0.426499
2026-10-03T10:24:46.7975368Z   type: 'test'
2026-10-03T10:24:46.7975520Z   ...
2026-10-03T10:24:46.7975788Z # Subtest: listPackFiles 列出全部文件且包含 SUMS 标记外的未列文件
2026-10-03T10:24:46.7976110Z ok 107 - listPackFiles 列出全部文件且包含 SUMS 标记外的未列文件
2026-10-03T10:24:46.7976329Z   ---
2026-10-03T10:24:46.7976483Z   duration_ms: 7.411874
2026-10-03T10:24:46.7976662Z   type: 'test'
2026-10-03T10:24:46.7976815Z   ...
2026-10-03T10:24:46.7977049Z # Subtest: parseSha256Sums 解析锁定清单
2026-10-03T10:24:46.7977317Z ok 108 - parseSha256Sums 解析锁定清单
2026-10-03T10:24:46.7977504Z   ---
2026-10-03T10:24:46.7977667Z   duration_ms: 0.522541
2026-10-03T10:24:46.7977840Z   type: 'test'
2026-10-03T10:24:46.7977990Z   ...
2026-10-03T10:24:46.7978237Z # Subtest: verifyPack：完整包 → verified，未列文件计数
2026-10-03T10:24:46.7978546Z ok 109 - verifyPack：完整包 → verified，未列文件计数
2026-10-03T10:24:46.7978759Z   ---
2026-10-03T10:24:46.7978915Z   duration_ms: 9.621093
2026-10-03T10:24:46.7979105Z   type: 'test'
2026-10-03T10:24:46.7979256Z   ...
2026-10-03T10:24:46.7979499Z # Subtest: verifyPack：篡改内容 → mismatch（临时副本）
2026-10-03T10:24:46.7979805Z ok 110 - verifyPack：篡改内容 → mismatch（临时副本）
2026-10-03T10:24:46.7980006Z   ---
2026-10-03T10:24:46.7980156Z   duration_ms: 5.24002
2026-10-03T10:24:46.7980331Z   type: 'test'
2026-10-03T10:24:46.7980481Z   ...
2026-10-03T10:24:46.7980710Z # Subtest: looksTextual 区分文本与二进制
2026-10-03T10:24:46.7980974Z ok 111 - looksTextual 区分文本与二进制
2026-10-03T10:24:46.7981156Z   ---
2026-10-03T10:24:46.7981309Z   duration_ms: 0.256799
2026-10-03T10:24:46.7981476Z   type: 'test'
2026-10-03T10:24:46.7981632Z   ...
2026-10-03T10:24:46.7981914Z # Subtest: 解析：非法 JSON / 非数组 / 非法条目 → invalid（fail-closed）
2026-10-03T10:24:46.7982274Z ok 112 - 解析：非法 JSON / 非数组 / 非法条目 → invalid（fail-closed）
2026-10-03T10:24:46.7982499Z   ---
2026-10-03T10:24:46.7982648Z   duration_ms: 0.862072
2026-10-03T10:24:46.7982818Z   type: 'test'
2026-10-03T10:24:46.7983177Z   ...
2026-10-03T10:24:46.7983528Z # Subtest: resolveRepos：自身 ∪ 团队
2026-10-03T10:24:46.7983909Z ok 113 - resolveRepos：自身 ∪ 团队
2026-10-03T10:24:46.7984185Z   ---
2026-10-03T10:24:46.7984411Z   duration_ms: 0.666483
2026-10-03T10:24:46.7984666Z   type: 'test'
2026-10-03T10:24:46.7984892Z   ...
2026-10-03T10:24:46.7985263Z # Subtest: authorize：未知主体默认拒绝一切
2026-10-03T10:24:46.7985632Z ok 114 - authorize：未知主体默认拒绝一切
2026-10-03T10:24:46.7985913Z   ---
2026-10-03T10:24:46.7986285Z   duration_ms: 0.191052
2026-10-03T10:24:46.7986539Z   type: 'test'
2026-10-03T10:24:46.7986763Z   ...
2026-10-03T10:24:46.7987056Z # Subtest: authorize：跨仓越权拒绝
2026-10-03T10:24:46.7987406Z ok 115 - authorize：跨仓越权拒绝
2026-10-03T10:24:46.7987668Z   ---
2026-10-03T10:24:46.7987826Z   duration_ms: 0.202588
2026-10-03T10:24:46.7987998Z   type: 'test'
2026-10-03T10:24:46.7988154Z   ...
2026-10-03T10:24:46.7988353Z # Subtest: authorize：分支越权拒绝
2026-10-03T10:24:46.7988693Z ok 116 - authorize：分支越权拒绝
2026-10-03T10:24:46.7988955Z   ---
2026-10-03T10:24:46.7989173Z   duration_ms: 0.979525
2026-10-03T10:24:46.7989580Z   type: 'test'
2026-10-03T10:24:46.7989736Z   ...
2026-10-03T10:24:46.7989970Z # Subtest: authorize：fxv/admin 分级提权拒绝
2026-10-03T10:24:46.7990254Z ok 117 - authorize：fxv/admin 分级提权拒绝
2026-10-03T10:24:46.7990456Z   ---
2026-10-03T10:24:46.7990606Z   duration_ms: 0.207506
2026-10-03T10:24:46.7990781Z   type: 'test'
2026-10-03T10:24:46.7990929Z   ...
2026-10-03T10:24:46.7991235Z # Subtest: 会话集成：模型主体=alice 时 session repos=模型解析；越权 repo 403
2026-10-03T10:24:46.7991614Z ok 118 - 会话集成：模型主体=alice 时 session repos=模型解析；越权 repo 403
2026-10-03T10:24:46.7991838Z   ---
2026-10-03T10:24:46.7991993Z   duration_ms: 40.377724
2026-10-03T10:24:46.7992187Z   type: 'test'
2026-10-03T10:24:46.7992336Z   ...
2026-10-03T10:24:46.7992587Z # Subtest: 会话回归：未配置模型时 legacy allowlist 语义不变
2026-10-03T10:24:46.7992986Z ok 119 - 会话回归：未配置模型时 legacy allowlist 语义不变
2026-10-03T10:24:46.7993195Z   ---
2026-10-03T10:24:46.7993347Z   duration_ms: 11.352707
2026-10-03T10:24:46.7993518Z   type: 'test'
2026-10-03T10:24:46.7993691Z   ...
2026-10-03T10:24:46.7993964Z # Subtest: G-07: alice/bob 各自登录、bob 越权 403、未知用户默认拒绝
2026-10-03T10:24:46.7994300Z ok 120 - G-07: alice/bob 各自登录、bob 越权 403、未知用户默认拒绝
2026-10-03T10:24:46.7994517Z   ---
2026-10-03T10:24:46.7994668Z   duration_ms: 20.691874
2026-10-03T10:24:46.7994839Z   type: 'test'
2026-10-03T10:24:46.7994996Z   ...
2026-10-03T10:24:46.7995297Z # Subtest: 同仓库同 PR 多 run 聚合为一个 PR，runs 按时间倒序，latest 是最近一次
2026-10-03T10:24:46.7995765Z ok 121 - 同仓库同 PR 多 run 聚合为一个 PR，runs 按时间倒序，latest 是最近一次
2026-10-03T10:24:46.7996119Z   ---
2026-10-03T10:24:46.7996290Z   duration_ms: 1.401437
2026-10-03T10:24:46.7996528Z   type: 'test'
2026-10-03T10:24:46.7996842Z   ...
2026-10-03T10:24:46.7997182Z # Subtest: 不同仓库相同 PR 编号不合并
2026-10-03T10:24:46.7997734Z ok 122 - 不同仓库相同 PR 编号不合并
2026-10-03T10:24:46.7998020Z   ---
2026-10-03T10:24:46.8011789Z   duration_ms: 7.47688
2026-10-03T10:24:46.8012062Z   type: 'test'
2026-10-03T10:24:46.8012335Z   ...
2026-10-03T10:24:46.8012784Z # Subtest: 无 repo 或 pr_number 的 run 不进入 PR 聚合
2026-10-03T10:24:46.8013465Z ok 123 - 无 repo 或 pr_number 的 run 不进入 PR 聚合
2026-10-03T10:24:46.8013798Z   ---
2026-10-03T10:24:46.8014028Z   duration_ms: 0.171463
2026-10-03T10:24:46.8014297Z   type: 'test'
2026-10-03T10:24:46.8014525Z   ...
2026-10-03T10:24:46.8015003Z # Subtest: 旧 head 结果不冒充当前结论：聚合体无 current 字段，head 分组各自保留最近记录
2026-10-03T10:24:46.8015809Z ok 124 - 旧 head 结果不冒充当前结论：聚合体无 current 字段，head 分组各自保留最近记录
2026-10-03T10:24:46.8016175Z   ---
2026-10-03T10:24:46.8016405Z   duration_ms: 0.41346
2026-10-03T10:24:46.8016674Z   type: 'test'
2026-10-03T10:24:46.8016900Z   ...
2026-10-03T10:24:46.8017246Z # Subtest: PR 数与 run 数分别统计，不互相冒充
2026-10-03T10:24:46.8017684Z ok 125 - PR 数与 run 数分别统计，不互相冒充
2026-10-03T10:24:46.8017965Z   ---
2026-10-03T10:24:46.8018261Z   duration_ms: 0.246574
2026-10-03T10:24:46.8018525Z   type: 'test'
2026-10-03T10:24:46.8018751Z   ...
2026-10-03T10:24:46.8019216Z # Subtest: attentionOf 只看所给 run：已拒绝修复与未发现问题分别成立，跨 run 不推导
2026-10-03T10:24:46.8019818Z ok 126 - attentionOf 只看所给 run：已拒绝修复与未发现问题分别成立，跨 run 不推导
2026-10-03T10:24:46.8020194Z   ---
2026-10-03T10:24:46.8020416Z   duration_ms: 0.12151
2026-10-03T10:24:46.8020668Z   type: 'test'
2026-10-03T10:24:46.8020892Z   ...
2026-10-03T10:24:46.8021400Z # Subtest: latestCompleted 只认执行终态（PROCESSED/COMPLETED），全未完成为 null
2026-10-03T10:24:46.8022100Z ok 127 - latestCompleted 只认执行终态（PROCESSED/COMPLETED），全未完成为 null
2026-10-03T10:24:46.8022508Z   ---
2026-10-03T10:24:46.8022752Z   duration_ms: 0.223139
2026-10-03T10:24:46.8023159Z   type: 'test'
2026-10-03T10:24:46.8023387Z   ...
2026-10-03T10:24:46.8023763Z # Subtest: 标题取同 PR 任一记录中最近的非空标题（仅部分历史包有记录）
2026-10-03T10:24:46.8024230Z ok 128 - 标题取同 PR 任一记录中最近的非空标题（仅部分历史包有记录）
2026-10-03T10:24:46.8024530Z   ---
2026-10-03T10:24:46.8024756Z   duration_ms: 0.129581
2026-10-03T10:24:46.8025011Z   type: 'test'
2026-10-03T10:24:46.8025234Z   ...
2026-10-03T10:24:46.8025532Z # Subtest: 分页：页码钳制、末页切片、总数正确
2026-10-03T10:24:46.8025884Z ok 129 - 分页：页码钳制、末页切片、总数正确
2026-10-03T10:24:46.8026151Z   ---
2026-10-03T10:24:46.8026536Z   duration_ms: 0.33911
2026-10-03T10:24:46.8026789Z   type: 'test'
2026-10-03T10:24:46.8027015Z   ...
2026-10-03T10:24:46.8027479Z # Subtest: health: live 未配置 → snapshot 保守声明，declared_repos 为空
2026-10-03T10:24:46.8028109Z ok 130 - health: live 未配置 → snapshot 保守声明，declared_repos 为空
2026-10-03T10:24:46.8028480Z   ---
2026-10-03T10:24:46.8028714Z   duration_ms: 29.457415
2026-10-03T10:24:46.8028995Z   type: 'test'
2026-10-03T10:24:46.8029215Z   ...
2026-10-03T10:24:46.8029592Z # Subtest: session user 为结构化对象（前端不再显示"未知用户"）
2026-10-03T10:24:46.8030068Z ok 131 - session user 为结构化对象（前端不再显示"未知用户"）
2026-10-03T10:24:46.8030383Z   ---
2026-10-03T10:24:46.8030617Z   duration_ms: 14.244077
2026-10-03T10:24:46.8030885Z   type: 'test'
2026-10-03T10:24:46.8031106Z   ...
2026-10-03T10:24:46.8031551Z # Subtest: P0：/api/runs 已认证会话按 allowlist 服务端过滤（非授权仓库零条目）
2026-10-03T10:24:46.8032125Z ok 132 - P0：/api/runs 已认证会话按 allowlist 服务端过滤（非授权仓库零条目）
2026-10-03T10:24:46.8032478Z   ---
2026-10-03T10:24:46.8032710Z   duration_ms: 10.319623
2026-10-03T10:24:46.8033115Z   type: 'test'
2026-10-03T10:24:46.8033271Z   ...
2026-10-03T10:24:46.8033557Z # Subtest: P0：越权 pack 详情/证据子资源对已认证会话返回 404（不泄露存在性）
2026-10-03T10:24:46.8033892Z ok 133 - P0：越权 pack 详情/证据子资源对已认证会话返回 404（不泄露存在性）
2026-10-03T10:24:46.8034109Z   ---
2026-10-03T10:24:46.8034263Z   duration_ms: 6.584043
2026-10-03T10:24:46.8034447Z   type: 'test'
2026-10-03T10:24:46.8034598Z   ...
2026-10-03T10:24:46.8035085Z # Subtest: PR 详情端点：401 / 403（allowlist 外）/ 404（no_live_record）/ 200 契约形状
2026-10-03T10:24:46.8035527Z ok 134 - PR 详情端点：401 / 403（allowlist 外）/ 404（no_live_record）/ 200 契约形状
2026-10-03T10:24:46.8035780Z   ---
2026-10-03T10:24:46.8035933Z   duration_ms: 14.570424
2026-10-03T10:24:46.8036115Z   type: 'test'
2026-10-03T10:24:46.8036265Z   ...
2026-10-03T10:24:46.8036587Z # Subtest: isoDayOf: Date 对象 → UTC YYYY-MM-DD（不再产出 "Wed Sep 25" 类串）
2026-10-03T10:24:46.8037007Z ok 135 - isoDayOf: Date 对象 → UTC YYYY-MM-DD（不再产出 "Wed Sep 25" 类串）
2026-10-03T10:24:46.8037255Z   ---
2026-10-03T10:24:46.8037425Z   duration_ms: 0.890795
2026-10-03T10:24:46.8037605Z   type: 'test'
2026-10-03T10:24:46.8037755Z   ...
2026-10-03T10:24:46.8038010Z # Subtest: isoDayOf: ISO 字符串取前 10 位；非 ISO 字符串拒绝
2026-10-03T10:24:46.8038335Z ok 136 - isoDayOf: ISO 字符串取前 10 位；非 ISO 字符串拒绝
2026-10-03T10:24:46.8038549Z   ---
2026-10-03T10:24:46.8038698Z   duration_ms: 0.175438
2026-10-03T10:24:46.8038875Z   type: 'test'
2026-10-03T10:24:46.8039041Z   ...
2026-10-03T10:24:46.8039323Z # Subtest: isoDayOf: 日期桶与 14 天趋势骨架的 UTC 日期一致（当日不再归零）
2026-10-03T10:24:46.8039661Z ok 137 - isoDayOf: 日期桶与 14 天趋势骨架的 UTC 日期一致（当日不再归零）
2026-10-03T10:24:46.8039876Z   ---
2026-10-03T10:24:46.8040033Z   duration_ms: 0.212864
2026-10-03T10:24:46.8040213Z   type: 'test'
2026-10-03T10:24:46.8040376Z   ...
2026-10-03T10:24:46.8040713Z # Subtest: 未登录 401；flag=ragtrial 无 DSN → backend_not_wired 如实（不伪装命中）
2026-10-03T10:24:46.8041142Z ok 138 - 未登录 401；flag=ragtrial 无 DSN → backend_not_wired 如实（不伪装命中）
2026-10-03T10:24:46.8041397Z   ---
2026-10-03T10:24:46.8041679Z   duration_ms: 36.379551
2026-10-03T10:24:46.8041860Z   type: 'test'
2026-10-03T10:24:46.8042027Z   ...
2026-10-03T10:24:46.8042377Z # Subtest: PG 不可达 → 503 显式降级（degraded + error_kind，不伪装空成功）
2026-10-03T10:24:46.8042768Z ok 139 - PG 不可达 → 503 显式降级（degraded + error_kind，不伪装空成功）
2026-10-03T10:24:46.8043190Z   ---
2026-10-03T10:24:46.8043362Z   duration_ms: 23.297649
2026-10-03T10:24:46.8043557Z   type: 'test'
2026-10-03T10:24:46.8043747Z   ...
2026-10-03T10:24:46.8044046Z # Subtest: 词汇契约：上游 org-rag ok → 端点归一为 hit；degraded 透传
2026-10-03T10:24:46.8044413Z ok 140 - 词汇契约：上游 org-rag ok → 端点归一为 hit；degraded 透传
2026-10-03T10:24:46.8044657Z   ---
2026-10-03T10:24:46.8044813Z   duration_ms: 12.482975
2026-10-03T10:24:46.8045012Z   type: 'test'
2026-10-03T10:24:46.8045168Z   ...
2026-10-03T10:24:46.8045558Z # Subtest: Review 安全边界：org-search 形状的结果不可自动晋升/不可作 fixer 输入/Verifier 恒拒收
2026-10-03T10:24:46.8046028Z ok 141 - Review 安全边界：org-search 形状的结果不可自动晋升/不可作 fixer 输入/Verifier 恒拒收
2026-10-03T10:24:46.8046301Z   ---
2026-10-03T10:24:46.8046470Z   duration_ms: 0.756546
2026-10-03T10:24:46.8046666Z   type: 'test'
2026-10-03T10:24:46.8046829Z   ...
2026-10-03T10:24:46.8047061Z # Subtest: rag-trial 未登录全端点 401
2026-10-03T10:24:46.8047341Z ok 142 - rag-trial 未登录全端点 401
2026-10-03T10:24:46.8047531Z   ---
2026-10-03T10:24:46.8047703Z   duration_ms: 51.93919
2026-10-03T10:24:46.8047894Z   type: 'test'
2026-10-03T10:24:46.8048046Z   ...
2026-10-03T10:24:46.8048393Z # Subtest: 已登录 + 未接线（无 DSN）→ backend_not_wired 如实返回（不伪装检索）
2026-10-03T10:24:46.8048825Z ok 143 - 已登录 + 未接线（无 DSN）→ backend_not_wired 如实返回（不伪装检索）
2026-10-03T10:24:46.8049082Z   ---
2026-10-03T10:24:46.8049251Z   duration_ms: 25.724378
2026-10-03T10:24:46.8049442Z   type: 'test'
2026-10-03T10:24:46.8049610Z   ...
2026-10-03T10:24:46.8049930Z # Subtest: A 链代理端点未被 ragtrial 改动（回归：flag off 如实 disabled）
2026-10-03T10:24:46.8050323Z ok 144 - A 链代理端点未被 ragtrial 改动（回归：flag off 如实 disabled）
2026-10-03T10:24:46.8050550Z   ---
2026-10-03T10:24:46.8050717Z   duration_ms: 6.402094
2026-10-03T10:24:46.8050922Z   type: 'test'
2026-10-03T10:24:46.8051072Z   ...
2026-10-03T10:24:46.8051379Z # Subtest: sessionRepoAllowed：会话 repo 域判定（默认拒绝）
2026-10-03T10:24:46.8051736Z ok 145 - sessionRepoAllowed：会话 repo 域判定（默认拒绝）
2026-10-03T10:24:46.8051971Z   ---
2026-10-03T10:24:46.8052135Z   duration_ms: 0.916592
2026-10-03T10:24:46.8052308Z   type: 'test'
2026-10-03T10:24:46.8052457Z   ...
2026-10-03T10:24:46.8053046Z # Subtest: legacy 登录未配置 allowlist → 会话 repos 为空（RAG 会话面默认拒的根因可观测）
2026-10-03T10:24:46.8053487Z ok 146 - legacy 登录未配置 allowlist → 会话 repos 为空（RAG 会话面默认拒的根因可观测）
2026-10-03T10:24:46.8053736Z   ---
2026-10-03T10:24:46.8053885Z   duration_ms: 46.620504
2026-10-03T10:24:46.8054076Z   type: 'test'
2026-10-03T10:24:46.8054226Z   ...
2026-10-03T10:24:46.8054582Z # Subtest: 会话端 RAG 端点未登录 401（PHASE0A 面补齐：jobs/requeue/queue-metrics/models）
2026-10-03T10:24:46.8055278Z ok 147 - 会话端 RAG 端点未登录 401（PHASE0A 面补齐：jobs/requeue/queue-metrics/models）
2026-10-03T10:24:46.8055807Z   ---
2026-10-03T10:24:46.8056040Z   duration_ms: 15.743475
2026-10-03T10:24:46.8056524Z   type: 'test'
2026-10-03T10:24:46.8056760Z   ...
2026-10-03T10:24:46.8057107Z # Subtest: SM-1 缺配置（env 未设）→ NOT_CONFIGURED/BLOCKED
2026-10-03T10:24:46.8057488Z ok 148 - SM-1 缺配置（env 未设）→ NOT_CONFIGURED/BLOCKED
2026-10-03T10:24:46.8057708Z   ---
2026-10-03T10:24:46.8057862Z   duration_ms: 0.909412
2026-10-03T10:24:46.8058043Z   type: 'test'
2026-10-03T10:24:46.8058215Z   ...
2026-10-03T10:24:46.8058493Z # Subtest: SM-2 目录不存在 → MISSING/not_distributed/BLOCKED
2026-10-03T10:24:46.8058857Z ok 149 - SM-2 目录不存在 → MISSING/not_distributed/BLOCKED
2026-10-03T10:24:46.8059088Z   ---
2026-10-03T10:24:46.8059239Z   duration_ms: 0.185143
2026-10-03T10:24:46.8059412Z   type: 'test'
2026-10-03T10:24:46.8059563Z   ...
2026-10-03T10:24:46.8059855Z # Subtest: SM-3 目录存在但无密钥 → MISSING/not_distributed/BLOCKED
2026-10-03T10:24:46.8060221Z ok 150 - SM-3 目录存在但无密钥 → MISSING/not_distributed/BLOCKED
2026-10-03T10:24:46.8060460Z   ---
2026-10-03T10:24:46.8060614Z   duration_ms: 0.313542
2026-10-03T10:24:46.8060804Z   type: 'test'
2026-10-03T10:24:46.8060956Z   ...
2026-10-03T10:24:46.8061153Z # Subtest: SM-4 有效密钥 → READY
2026-10-03T10:24:46.8061396Z ok 151 - SM-4 有效密钥 → READY
2026-10-03T10:24:46.8061568Z   ---
2026-10-03T10:24:46.8061719Z   duration_ms: 0.625122
2026-10-03T10:24:46.8061888Z   type: 'test'
2026-10-03T10:24:46.8062039Z   ...
2026-10-03T10:24:46.8062242Z # Subtest: SM-5 已撤销密钥 → 验签拒绝
2026-10-03T10:24:46.8062481Z ok 152 - SM-5 已撤销密钥 → 验签拒绝
2026-10-03T10:24:46.8062652Z   ---
2026-10-03T10:24:46.8062801Z   duration_ms: 0.812438
2026-10-03T10:24:46.8063131Z   type: 'test'
2026-10-03T10:24:46.8063285Z   ...
2026-10-03T10:24:46.8063513Z # Subtest: SM-6 已过期密钥 → 验签拒绝（等效无密钥）
2026-10-03T10:24:46.8063784Z ok 153 - SM-6 已过期密钥 → 验签拒绝（等效无密钥）
2026-10-03T10:24:46.8063977Z   ---
2026-10-03T10:24:46.8064127Z   duration_ms: 0.361523
2026-10-03T10:24:46.8064294Z   type: 'test'
2026-10-03T10:24:46.8064443Z   ...
2026-10-03T10:24:46.8064667Z # Subtest: SM-7 轮换场景：旧密钥撤销+新密钥生效
2026-10-03T10:24:46.8064921Z ok 154 - SM-7 轮换场景：旧密钥撤销+新密钥生效
2026-10-03T10:24:46.8065128Z   ---
2026-10-03T10:24:46.8065280Z   duration_ms: 0.566706
2026-10-03T10:24:46.8065449Z   type: 'test'
2026-10-03T10:24:46.8065599Z   ...
2026-10-03T10:24:46.8065814Z # Subtest: SM-8 错误签名 → BAD_SIGNATURE
2026-10-03T10:24:46.8066077Z ok 155 - SM-8 错误签名 → BAD_SIGNATURE
2026-10-03T10:24:46.8066264Z   ---
2026-10-03T10:24:46.8066416Z   duration_ms: 0.383896
2026-10-03T10:24:46.8066722Z   type: 'test'
2026-10-03T10:24:46.8066876Z   ...
2026-10-03T10:24:46.8067106Z # Subtest: SM-9 nonce 重放 → REPLAYED_NONCE
2026-10-03T10:24:46.8067387Z ok 156 - SM-9 nonce 重放 → REPLAYED_NONCE
2026-10-03T10:24:46.8067589Z   ---
2026-10-03T10:24:46.8067747Z   duration_ms: 0.604662
2026-10-03T10:24:46.8067917Z   type: 'test'
2026-10-03T10:24:46.8068066Z   ...
2026-10-03T10:24:46.8068304Z # Subtest: EA-1 缺配置 → NOT_CONFIGURED/BLOCKED
2026-10-03T10:24:46.8068604Z ok 157 - EA-1 缺配置 → NOT_CONFIGURED/BLOCKED
2026-10-03T10:24:46.8068809Z   ---
2026-10-03T10:24:46.8068965Z   duration_ms: 0.498175
2026-10-03T10:24:46.8069143Z   type: 'test'
2026-10-03T10:24:46.8069290Z   ...
2026-10-03T10:24:46.8069517Z # Subtest: EA-2 有效 attestation → ATTESTED
2026-10-03T10:24:46.8069793Z ok 158 - EA-2 有效 attestation → ATTESTED
2026-10-03T10:24:46.8069990Z   ---
2026-10-03T10:24:46.8070142Z   duration_ms: 36.012195
2026-10-03T10:24:46.8070324Z   type: 'test'
2026-10-03T10:24:46.8070470Z   ...
2026-10-03T10:24:46.8070731Z # Subtest: EA-3 端点不可达 → UNREACHABLE/fail-closed
2026-10-03T10:24:46.8071048Z ok 159 - EA-3 端点不可达 → UNREACHABLE/fail-closed
2026-10-03T10:24:46.8071256Z   ---
2026-10-03T10:24:46.8071404Z   duration_ms: 1.049028
2026-10-03T10:24:46.8071583Z   type: 'test'
2026-10-03T10:24:46.8071726Z   ...
2026-10-03T10:24:46.8071945Z # Subtest: EA-4 key_id 不匹配 → INVALID
2026-10-03T10:24:46.8072210Z ok 160 - EA-4 key_id 不匹配 → INVALID
2026-10-03T10:24:46.8072396Z   ---
2026-10-03T10:24:46.8072546Z   duration_ms: 11.385506
2026-10-03T10:24:46.8072715Z   type: 'test'
2026-10-03T10:24:46.8073039Z   ...
2026-10-03T10:24:46.8073412Z # Subtest: EA-5 响应缺字段 → INVALID
2026-10-03T10:24:46.8073657Z ok 161 - EA-5 响应缺字段 → INVALID
2026-10-03T10:24:46.8073842Z   ---
2026-10-03T10:24:46.8073996Z   duration_ms: 4.118455
2026-10-03T10:24:46.8074169Z   type: 'test'
2026-10-03T10:24:46.8074354Z   ...
2026-10-03T10:24:46.8074585Z # Subtest: EA-6 非 JSON 响应 → INVALID
2026-10-03T10:24:46.8074847Z ok 162 - EA-6 非 JSON 响应 → INVALID
2026-10-03T10:24:46.8075046Z   ---
2026-10-03T10:24:46.8075194Z   duration_ms: 3.967854
2026-10-03T10:24:46.8075362Z   type: 'test'
2026-10-03T10:24:46.8075513Z   ...
2026-10-03T10:24:46.8075748Z # Subtest: EA-7 HTTP 非 200 → UNREACHABLE
2026-10-03T10:24:46.8076028Z ok 163 - EA-7 HTTP 非 200 → UNREACHABLE
2026-10-03T10:24:46.8076224Z   ---
2026-10-03T10:24:46.8076372Z   duration_ms: 3.4978
2026-10-03T10:24:46.8076539Z   type: 'test'
2026-10-03T10:24:46.8076691Z   ...
2026-10-03T10:24:46.8076968Z # Subtest: EA-8 超时 → UNREACHABLE（AbortSignal.timeout）
2026-10-03T10:24:46.8077333Z ok 164 - EA-8 超时 → UNREACHABLE（AbortSignal.timeout）
2026-10-03T10:24:46.8077584Z   ---
2026-10-03T10:24:46.8077763Z   duration_ms: 500.897557
2026-10-03T10:24:46.8077943Z   type: 'test'
2026-10-03T10:24:46.8078092Z   ...
2026-10-03T10:24:46.8078428Z # Subtest: 辅助证据形状：reference only + trusted:false + 排除清单（含 VERIFIED）
2026-10-03T10:24:46.8078859Z ok 165 - 辅助证据形状：reference only + trusted:false + 排除清单（含 VERIFIED）
2026-10-03T10:24:46.8079129Z   ---
2026-10-03T10:24:46.8079298Z   duration_ms: 1.279959
2026-10-03T10:24:46.8079470Z   type: 'test'
2026-10-03T10:24:46.8079636Z   ...
2026-10-03T10:24:46.8079836Z # Subtest: 无引用 hit 不能转证据
2026-10-03T10:24:46.8080060Z ok 166 - 无引用 hit 不能转证据
2026-10-03T10:24:46.8080257Z   ---
2026-10-03T10:24:46.8080469Z   duration_ms: 0.44065
2026-10-03T10:24:46.8080697Z   type: 'test'
2026-10-03T10:24:46.8080904Z   ...
2026-10-03T10:24:46.8081366Z # Subtest: canAutoPromote：任何组合恒拒绝（含纯 harness 证据——本试验无自动晋升路径）
2026-10-03T10:24:46.8082009Z ok 167 - canAutoPromote：任何组合恒拒绝（含纯 harness 证据——本试验无自动晋升路径）
2026-10-03T10:24:46.8082384Z   ---
2026-10-03T10:24:46.8082616Z   duration_ms: 0.980717
2026-10-03T10:24:46.8083004Z   type: 'test'
2026-10-03T10:24:46.8083224Z   ...
2026-10-03T10:24:46.8083818Z # Subtest: promotionRequest：RAG-only 证据建 finding/ticket/gate 全拒；reason 为稳定机器码
2026-10-03T10:24:46.8084519Z ok 168 - promotionRequest：RAG-only 证据建 finding/ticket/gate 全拒；reason 为稳定机器码
2026-10-03T10:24:46.8084927Z   ---
2026-10-03T10:24:46.8085268Z   duration_ms: 0.324779
2026-10-03T10:24:46.8085449Z   type: 'test'
2026-10-03T10:24:46.8085604Z   ...
2026-10-03T10:24:46.8085936Z # Subtest: fixerPatchInputs：RAG-only 输入 → fixer 不可启动（reason 为机器码）
2026-10-03T10:24:46.8086378Z ok 169 - fixerPatchInputs：RAG-only 输入 → fixer 不可启动（reason 为机器码）
2026-10-03T10:24:46.8086636Z   ---
2026-10-03T10:24:46.8086793Z   duration_ms: 0.261856
2026-10-03T10:24:46.8086968Z   type: 'test'
2026-10-03T10:24:46.8087116Z   ...
2026-10-03T10:24:46.8087449Z # Subtest: verifierAccepts：只接受独立 harness/test 证据，RAG 恒拒（reason 为机器码）
2026-10-03T10:24:46.8087892Z ok 170 - verifierAccepts：只接受独立 harness/test 证据，RAG 恒拒（reason 为机器码）
2026-10-03T10:24:46.8088167Z   ---
2026-10-03T10:24:46.8088314Z   duration_ms: 0.185524
2026-10-03T10:24:46.8088483Z   type: 'test'
2026-10-03T10:24:46.8088631Z   ...
2026-10-03T10:24:46.8088952Z # Subtest: attachToRun：只新增 review_context，不触碰 findings/tickets/gates
2026-10-03T10:24:46.8089383Z ok 171 - attachToRun：只新增 review_context，不触碰 findings/tickets/gates
2026-10-03T10:24:46.8089650Z   ---
2026-10-03T10:24:46.8089809Z   duration_ms: 0.254746
2026-10-03T10:24:46.8089978Z   type: 'test'
2026-10-03T10:24:46.8090125Z   ...
2026-10-03T10:24:46.8090351Z # Subtest: model spec digest 稳定且规格敏感
2026-10-03T10:24:46.8090617Z ok 172 - model spec digest 稳定且规格敏感
2026-10-03T10:24:46.8090807Z   ---
2026-10-03T10:24:46.8090953Z   duration_ms: 1.290194
2026-10-03T10:24:46.8091126Z   type: 'test'
2026-10-03T10:24:46.8091279Z   ...
2026-10-03T10:24:46.8091484Z # Subtest: canonicalJson 键序无关
2026-10-03T10:24:46.8091724Z ok 173 - canonicalJson 键序无关
2026-10-03T10:24:46.8091904Z   ---
2026-10-03T10:24:46.8092174Z   duration_ms: 0.193535
2026-10-03T10:24:46.8092347Z   type: 'test'
2026-10-03T10:24:46.8092494Z   ...
2026-10-03T10:24:46.8092751Z # Subtest: tokenize：拉丁词 + CJK 连续段二元组（孤立单字才出单字）
2026-10-03T10:24:46.8093234Z ok 174 - tokenize：拉丁词 + CJK 连续段二元组（孤立单字才出单字）
2026-10-03T10:24:46.8093446Z   ---
2026-10-03T10:24:46.8093594Z   duration_ms: 0.399599
2026-10-03T10:24:46.8093762Z   type: 'test'
2026-10-03T10:24:46.8093933Z   ...
2026-10-03T10:24:46.8094163Z # Subtest: embedLocal 确定性 + 归一 + 无 NaN
2026-10-03T10:24:46.8094448Z ok 175 - embedLocal 确定性 + 归一 + 无 NaN
2026-10-03T10:24:46.8094645Z   ---
2026-10-03T10:24:46.8094802Z   duration_ms: 1.846915
2026-10-03T10:24:46.8094971Z   type: 'test'
2026-10-03T10:24:46.8095130Z   ...
2026-10-03T10:24:46.8095421Z # Subtest: embedLocal 空输入走 epsilon 占位（防 pgvector 零向量 NaN）
2026-10-03T10:24:46.8095796Z ok 176 - embedLocal 空输入走 epsilon 占位（防 pgvector 零向量 NaN）
2026-10-03T10:24:46.8096031Z   ---
2026-10-03T10:24:46.8096184Z   duration_ms: 0.190932
2026-10-03T10:24:46.8096369Z   type: 'test'
2026-10-03T10:24:46.8096526Z   ...
2026-10-03T10:24:46.8096746Z # Subtest: vectorLiteral 拒绝 NaN
2026-10-03T10:24:46.8096990Z ok 177 - vectorLiteral 拒绝 NaN
2026-10-03T10:24:46.8097176Z   ---
2026-10-03T10:24:46.8097327Z   duration_ms: 0.211402
2026-10-03T10:24:46.8097491Z   type: 'test'
2026-10-03T10:24:46.8097640Z   ...
2026-10-03T10:24:46.8097883Z # Subtest: cleanText：CRLF 归一 + 空行折叠，不删正文
2026-10-03T10:24:46.8098293Z ok 178 - cleanText：CRLF 归一 + 空行折叠，不删正文
2026-10-03T10:24:46.8098496Z   ---
2026-10-03T10:24:46.8098647Z   duration_ms: 0.373301
2026-10-03T10:24:46.8098815Z   type: 'test'
2026-10-03T10:24:46.8098962Z   ...
2026-10-03T10:24:46.8099206Z # Subtest: chunkDocument：行号闭区间正确回溯原文
2026-10-03T10:24:46.8099491Z ok 179 - chunkDocument：行号闭区间正确回溯原文
2026-10-03T10:24:46.8099691Z   ---
2026-10-03T10:24:46.8099846Z   duration_ms: 0.336376
2026-10-03T10:24:46.8100015Z   type: 'test'
2026-10-03T10:24:46.8100167Z   ...
2026-10-03T10:24:46.8100407Z # Subtest: chunkDocument：超长段落二次切分行号仍精确
2026-10-03T10:24:46.8100708Z ok 180 - chunkDocument：超长段落二次切分行号仍精确
2026-10-03T10:24:46.8100912Z   ---
2026-10-03T10:24:46.8101062Z   duration_ms: 0.428191
2026-10-03T10:24:46.8101236Z   type: 'test'
2026-10-03T10:24:46.8101389Z   ...
2026-10-03T10:24:46.8101621Z # Subtest: dedupChunks：文档内精确去重并重排 index
2026-10-03T10:24:46.8101954Z ok 181 - dedupChunks：文档内精确去重并重排 index
2026-10-03T10:24:46.8102162Z   ---
2026-10-03T10:24:46.8102326Z   duration_ms: 0.484285
2026-10-03T10:24:46.8102497Z   type: 'test'
2026-10-03T10:24:46.8102651Z   ...
2026-10-03T10:24:46.8103080Z # Subtest: prepareDocument：全绑定字段齐备（引用链完整）
2026-10-03T10:24:46.8103383Z ok 182 - prepareDocument：全绑定字段齐备（引用链完整）
2026-10-03T10:24:46.8103595Z   ---
2026-10-03T10:24:46.8103748Z   duration_ms: 0.532916
2026-10-03T10:24:46.8103917Z   type: 'test'
2026-10-03T10:24:46.8104063Z   ...
2026-10-03T10:24:46.8104333Z # Subtest: prepareDocument：空文档（清洗后无内容）产出 0 chunk 不崩
2026-10-03T10:24:46.8104676Z ok 183 - prepareDocument：空文档（清洗后无内容）产出 0 chunk 不崩
2026-10-03T10:24:46.8104909Z   ---
2026-10-03T10:24:46.8105183Z   duration_ms: 0.163612
2026-10-03T10:24:46.8105358Z   type: 'test'
2026-10-03T10:24:46.8105508Z   ...
2026-10-03T10:24:46.8105805Z # Subtest: WH 轮 fixture：身份字段从 ledger/result/check-run 正确归一
2026-10-03T10:24:46.8106188Z ok 184 - WH 轮 fixture：身份字段从 ledger/result/check-run 正确归一
2026-10-03T10:24:46.8106432Z   ---
2026-10-03T10:24:46.8106587Z   duration_ms: 3.235944
2026-10-03T10:24:46.8106775Z   type: 'test'
2026-10-03T10:24:46.8106930Z   ...
2026-10-03T10:24:46.8107166Z # Subtest: WH 轮 fixture：执行/审查/发布三态独立存在
2026-10-03T10:24:46.8107442Z ok 185 - WH 轮 fixture：执行/审查/发布三态独立存在
2026-10-03T10:24:46.8107641Z   ---
2026-10-03T10:24:46.8107799Z   duration_ms: 1.609805
2026-10-03T10:24:46.8107969Z   type: 'test'
2026-10-03T10:24:46.8108122Z   ...
2026-10-03T10:24:46.8108494Z # Subtest: Matrix 轮 fixture：无 ledger → trigger=matrix、执行状态来自 project meta、发布未记录
2026-10-03T10:24:46.8108999Z ok 186 - Matrix 轮 fixture：无 ledger → trigger=matrix、执行状态来自 project meta、发布未记录
2026-10-03T10:24:46.8109302Z   ---
2026-10-03T10:24:46.8109461Z   duration_ms: 0.552866
2026-10-03T10:24:46.8109631Z   type: 'test'
2026-10-03T10:24:46.8109784Z   ...
2026-10-03T10:24:46.8110088Z # Subtest: WH 轮 fixture：detail 装配（timeline/tasks/evidence 归属）
2026-10-03T10:24:46.8110486Z ok 187 - WH 轮 fixture：detail 装配（timeline/tasks/evidence 归属）
2026-10-03T10:24:46.8110727Z   ---
2026-10-03T10:24:46.8110884Z   duration_ms: 7.206331
2026-10-03T10:24:46.8111068Z   type: 'test'
2026-10-03T10:24:46.8111223Z   ...
2026-10-03T10:24:46.8111427Z # Subtest: 真实证据根：WH 轮关键字段实测
2026-10-03T10:24:46.8111677Z ok 188 - 真实证据根：WH 轮关键字段实测 # SKIP
2026-10-03T10:24:46.8111868Z   ---
2026-10-03T10:24:46.8112025Z   duration_ms: 0.14953
2026-10-03T10:24:46.8112203Z   type: 'test'
2026-10-03T10:24:46.8112356Z   ...
2026-10-03T10:24:46.8112642Z # Subtest: 真实证据根：WH 拒绝案例（PR3，无 project/result.md）走任务级回退
2026-10-03T10:24:46.8113221Z ok 189 - 真实证据根：WH 拒绝案例（PR3，无 project/result.md）走任务级回退 # SKIP
2026-10-03T10:24:46.8113470Z   ---
2026-10-03T10:24:46.8113632Z   duration_ms: 0.068771
2026-10-03T10:24:46.8113833Z   type: 'test'
2026-10-03T10:24:46.8113995Z   ...
2026-10-03T10:24:46.8114245Z # Subtest: 真实证据根：WH 批准案例（PR2）门决策 APPROVED
2026-10-03T10:24:46.8114558Z ok 190 - 真实证据根：WH 批准案例（PR2）门决策 APPROVED # SKIP
2026-10-03T10:24:46.8114778Z   ---
2026-10-03T10:24:46.8114933Z   duration_ms: 0.051516
2026-10-03T10:24:46.8115109Z   type: 'test'
2026-10-03T10:24:46.8115258Z   ...
2026-10-03T10:24:46.8115732Z # Subtest: 真实证据根：SK5 轮（matrix 触发、含 RAG/usage）
2026-10-03T10:24:46.8116063Z ok 191 - 真实证据根：SK5 轮（matrix 触发、含 RAG/usage） # SKIP
2026-10-03T10:24:46.8116288Z   ---
2026-10-03T10:24:46.8116440Z   duration_ms: 0.052617
2026-10-03T10:24:46.8116614Z   type: 'test'
2026-10-03T10:24:46.8116774Z   ...
2026-10-03T10:24:46.8117077Z # Subtest: 真实证据根：结论绑定 commit（SK5 PR2 与 PR3 head 不同、结论归属各自 SHA）
2026-10-03T10:24:46.8117516Z ok 192 - 真实证据根：结论绑定 commit（SK5 PR2 与 PR3 head 不同、结论归属各自 SHA） # SKIP
2026-10-03T10:24:46.8117774Z   ---
2026-10-03T10:24:46.8117926Z   duration_ms: 0.197402
2026-10-03T10:24:46.8118211Z   type: 'test'
2026-10-03T10:24:46.8118369Z   ...
2026-10-03T10:24:46.8118593Z # Subtest: 真实证据根：非 run 包（实验包）不被索引
2026-10-03T10:24:46.8118863Z ok 193 - 真实证据根：非 run 包（实验包）不被索引 # SKIP
2026-10-03T10:24:46.8119059Z   ---
2026-10-03T10:24:46.8119205Z   duration_ms: 0.314073
2026-10-03T10:24:46.8119373Z   type: 'test'
2026-10-03T10:24:46.8119528Z   ...
2026-10-03T10:24:46.8119752Z # Subtest: T1 四 worker Running → AT_OK
2026-10-03T10:24:46.8120035Z ok 194 - T1 四 worker Running → AT_OK
2026-10-03T10:24:46.8120234Z   ---
2026-10-03T10:24:46.8120380Z   duration_ms: 1.225237
2026-10-03T10:24:46.8120545Z   type: 'test'
2026-10-03T10:24:46.8120693Z   ...
2026-10-03T10:24:46.8120984Z # Subtest: T2 worker 非 Running → AT_WORKER_NOT_RUNNING 并点名
2026-10-03T10:24:46.8121359Z ok 195 - T2 worker 非 Running → AT_WORKER_NOT_RUNNING 并点名
2026-10-03T10:24:46.8121598Z   ---
2026-10-03T10:24:46.8121748Z   duration_ms: 0.254235
2026-10-03T10:24:46.8121913Z   type: 'test'
2026-10-03T10:24:46.8122067Z   ...
2026-10-03T10:24:46.8122307Z # Subtest: T2b worker 缺席 → 同样拒绝
2026-10-03T10:24:46.8122550Z ok 196 - T2b worker 缺席 → 同样拒绝
2026-10-03T10:24:46.8122740Z   ---
2026-10-03T10:24:46.8123032Z   duration_ms: 0.861061
2026-10-03T10:24:46.8123204Z   type: 'test'
2026-10-03T10:24:46.8123358Z   ...
2026-10-03T10:24:46.8123618Z # Subtest: T3 controller 不可达 → AT_CTRL_NOT_READY
2026-10-03T10:24:46.8123938Z ok 197 - T3 controller 不可达 → AT_CTRL_NOT_READY
2026-10-03T10:24:46.8124172Z   ---
2026-10-03T10:24:46.8124321Z   duration_ms: 0.290949
2026-10-03T10:24:46.8124486Z   type: 'test'
2026-10-03T10:24:46.8124634Z   ...
2026-10-03T10:24:46.8124872Z # Subtest: T4 TTL 缓存：就绪后 TTL 内不重复探测
2026-10-03T10:24:46.8125146Z ok 198 - T4 TTL 缓存：就绪后 TTL 内不重复探测
2026-10-03T10:24:46.8125333Z   ---
2026-10-03T10:24:46.8125485Z   duration_ms: 0.521829
2026-10-03T10:24:46.8125655Z   type: 'test'
2026-10-03T10:24:46.8125804Z   ...
2026-10-03T10:24:46.8126065Z # Subtest: T5 心跳/Running 就绪层不谎报桥语义（桥探针属恢复工具层）
2026-10-03T10:24:46.8126378Z ok 199 - T5 心跳/Running 就绪层不谎报桥语义（桥探针属恢复工具层）
2026-10-03T10:24:46.8126601Z   ---
2026-10-03T10:24:46.8126752Z   duration_ms: 0.191693
2026-10-03T10:24:46.8126943Z   type: 'test'
2026-10-03T10:24:46.8127094Z   ...
2026-10-03T10:24:46.8127332Z # Subtest: HIGH + 执行完成：执行态是中性事实，不显示成安全通过
2026-10-03T10:24:46.8127622Z ok 200 - HIGH + 执行完成：执行态是中性事实，不显示成安全通过
2026-10-03T10:24:46.8127820Z   ---
2026-10-03T10:24:46.8127970Z   duration_ms: 0.902481
2026-10-03T10:24:46.8128261Z   type: 'test'
2026-10-03T10:24:46.8128416Z   ...
2026-10-03T10:24:46.8128661Z # Subtest: APPROVED + HIGH：批准 ≠ 已修复 ≠ 已合并
2026-10-03T10:24:46.8128960Z ok 201 - APPROVED + HIGH：批准 ≠ 已修复 ≠ 已合并
2026-10-03T10:24:46.8129172Z   ---
2026-10-03T10:24:46.8129326Z   duration_ms: 0.228838
2026-10-03T10:24:46.8129497Z   type: 'test'
2026-10-03T10:24:46.8129651Z   ...
2026-10-03T10:24:46.8129930Z # Subtest: GitHub 成功回写一个 failure check：回写成功与检查未通过是两个事实
2026-10-03T10:24:46.8130283Z ok 202 - GitHub 成功回写一个 failure check：回写成功与检查未通过是两个事实
2026-10-03T10:24:46.8130518Z   ---
2026-10-03T10:24:46.8130667Z   duration_ms: 0.146326
2026-10-03T10:24:46.8130847Z   type: 'test'
2026-10-03T10:24:46.8130998Z   ...
2026-10-03T10:24:46.8131240Z # Subtest: check success：绿色正向成立，但不证明补丁已验证
2026-10-03T10:24:46.8131529Z ok 203 - check success：绿色正向成立，但不证明补丁已验证
2026-10-03T10:24:46.8131730Z   ---
2026-10-03T10:24:46.8131886Z   duration_ms: 0.16945
2026-10-03T10:24:46.8132055Z   type: 'test'
2026-10-03T10:24:46.8132207Z   ...
2026-10-03T10:24:46.8132419Z # Subtest: 无发布记录：不能断言"未回写"
2026-10-03T10:24:46.8132647Z ok 204 - 无发布记录：不能断言"未回写"
2026-10-03T10:24:46.8132819Z   ---
2026-10-03T10:24:46.8133140Z   duration_ms: 0.105545
2026-10-03T10:24:46.8133312Z   type: 'test'
2026-10-03T10:24:46.8133465Z   ...
2026-10-03T10:24:46.8133660Z # Subtest: 未记录结论 ≠ 无问题
2026-10-03T10:24:46.8133869Z ok 205 - 未记录结论 ≠ 无问题
2026-10-03T10:24:46.8134030Z   ---
2026-10-03T10:24:46.8134183Z   duration_ms: 0.078225
2026-10-03T10:24:46.8134361Z   type: 'test'
2026-10-03T10:24:46.8134512Z   ...
2026-10-03T10:24:46.8134742Z # Subtest: LOW/MEDIUM 确认发现用 warn，不用红色
2026-10-03T10:24:46.8135143Z ok 206 - LOW/MEDIUM 确认发现用 warn，不用红色
2026-10-03T10:24:46.8135342Z   ---
2026-10-03T10:24:46.8135495Z   duration_ms: 0.146025
2026-10-03T10:24:46.8135671Z   type: 'test'
2026-10-03T10:24:46.8135825Z   ...
2026-10-03T10:24:46.8136081Z # Subtest: BLOCKED 是受控停止（warn），ERROR 是执行错误（bad）
2026-10-03T10:24:46.8136401Z ok 207 - BLOCKED 是受控停止（warn），ERROR 是执行错误（bad）
2026-10-03T10:24:46.8136610Z   ---
2026-10-03T10:24:46.8136776Z   duration_ms: 0.082221
2026-10-03T10:24:46.8136944Z   type: 'test'
2026-10-03T10:24:46.8137103Z   ...
2026-10-03T10:24:46.8137352Z # Subtest: NOT_CONFIRMED 是明确正向（ok），但 note 说明边界
2026-10-03T10:24:46.8137663Z ok 208 - NOT_CONFIRMED 是明确正向（ok），但 note 说明边界
2026-10-03T10:24:46.8137875Z   ---
2026-10-03T10:24:46.8138033Z   duration_ms: 0.2512
2026-10-03T10:24:46.8138209Z   type: 'test'
2026-10-03T10:24:46.8138372Z   ...
2026-10-03T10:24:46.8138608Z # Subtest: 人工确认状态：REJECTED 是受控安全停止（warn）
2026-10-03T10:24:46.8138900Z ok 209 - 人工确认状态：REJECTED 是受控安全停止（warn）
2026-10-03T10:24:46.8139103Z   ---
2026-10-03T10:24:46.8139272Z   duration_ms: 0.316707
2026-10-03T10:24:46.8139448Z   type: 'test'
2026-10-03T10:24:46.8139603Z   ...
2026-10-03T10:24:46.8139919Z # Subtest: SEVERITY 含 CRITICAL（最严重等级不得被吞为"—"），排序 CRITICAL 最高
2026-10-03T10:24:46.8140312Z ok 210 - SEVERITY 含 CRITICAL（最严重等级不得被吞为"—"），排序 CRITICAL 最高
2026-10-03T10:24:46.8140552Z   ---
2026-10-03T10:24:46.8140703Z   duration_ms: 0.558925
2026-10-03T10:24:46.8140995Z   type: 'test'
2026-10-03T10:24:46.8141154Z   ...
2026-10-03T10:24:46.8141448Z # Subtest: FXV 23 态全覆盖：与 orchestrator STATES 逐一对齐（快照锁定）
2026-10-03T10:24:46.8141806Z ok 211 - FXV 23 态全覆盖：与 orchestrator STATES 逐一对齐（快照锁定）
2026-10-03T10:24:46.8142032Z   ---
2026-10-03T10:24:46.8142186Z   duration_ms: 0.231071
2026-10-03T10:24:46.8142355Z   type: 'test'
2026-10-03T10:24:46.8142506Z   ...
2026-10-03T10:24:46.8142799Z # Subtest: FXV 工件状态：COMPLETE 最强（ok），OK 逐条归档（ok），FAILED bad
2026-10-03T10:24:46.8143440Z ok 212 - FXV 工件状态：COMPLETE 最强（ok），OK 逐条归档（ok），FAILED bad
2026-10-03T10:24:46.8143670Z   ---
2026-10-03T10:24:46.8143838Z   duration_ms: 0.082812
2026-10-03T10:24:46.8144009Z   type: 'test'
2026-10-03T10:24:46.8144163Z   ...
2026-10-03T10:24:46.8144473Z # Subtest: C 链状态全覆盖：与 lib/cchain 状态词表对齐；BLOCKED overall 为 bad
2026-10-03T10:24:46.8144852Z ok 213 - C 链状态全覆盖：与 lib/cchain 状态词表对齐；BLOCKED overall 为 bad
2026-10-03T10:24:46.8145091Z   ---
2026-10-03T10:24:46.8145242Z   duration_ms: 0.094309
2026-10-03T10:24:46.8145424Z   type: 'test'
2026-10-03T10:24:46.8145576Z   ...
2026-10-03T10:24:46.8145843Z # Subtest: RAG 状态全覆盖：六状态 + API 层附加态；hit=ok、degraded=bad
2026-10-03T10:24:46.8146194Z ok 214 - RAG 状态全覆盖：六状态 + API 层附加态；hit=ok、degraded=bad
2026-10-03T10:24:46.8146415Z   ---
2026-10-03T10:24:46.8146565Z   duration_ms: 2.329907
2026-10-03T10:24:46.8146732Z   type: 'test'
2026-10-03T10:24:46.8146884Z   ...
2026-10-03T10:24:46.8147119Z # Subtest: 票据状态/动作键空间：中文标签 + 未知动作兜底
2026-10-03T10:24:46.8147396Z ok 215 - 票据状态/动作键空间：中文标签 + 未知动作兜底
2026-10-03T10:24:46.8147606Z   ---
2026-10-03T10:24:46.8147770Z   duration_ms: 0.117904
2026-10-03T10:24:46.8148076Z   type: 'test'
2026-10-03T10:24:46.8148231Z   ...
2026-10-03T10:24:46.8148489Z # Subtest: 未知枚举兜底统一：label=原始值 + note 标注"未知状态"
2026-10-03T10:24:46.8148813Z ok 216 - 未知枚举兜底统一：label=原始值 + note 标注"未知状态"
2026-10-03T10:24:46.8149023Z   ---
2026-10-03T10:24:46.8149176Z   duration_ms: 0.118585
2026-10-03T10:24:46.8149345Z   type: 'test'
2026-10-03T10:24:46.8149495Z   ...
2026-10-03T10:24:46.8149744Z # Subtest: toneToColor：五档语义色 → antd 预设色完整
2026-10-03T10:24:46.8150041Z ok 217 - toneToColor：五档语义色 → antd 预设色完整
2026-10-03T10:24:46.8150252Z   ---
2026-10-03T10:24:46.8150402Z   duration_ms: 0.122741
2026-10-03T10:24:46.8150574Z   type: 'test'
2026-10-03T10:24:46.8150727Z   ...
2026-10-03T10:24:46.8151053Z # Subtest: STAGE 键空间：后端 8 值一一对齐 + 前端派生 PENDING 桶，UNKNOWN fail-closed
2026-10-03T10:24:46.8151478Z ok 218 - STAGE 键空间：后端 8 值一一对齐 + 前端派生 PENDING 桶，UNKNOWN fail-closed
2026-10-03T10:24:46.8151729Z   ---
2026-10-03T10:24:46.8151888Z   duration_ms: 1.253189
2026-10-03T10:24:46.8152070Z   type: 'test'
2026-10-03T10:24:46.8152243Z   ...
2026-10-03T10:24:46.8152494Z # Subtest: OUTCOME 键空间：结果摘要 ≠ 审查结论；缺失显示"未记录"
2026-10-03T10:24:46.8152801Z ok 219 - OUTCOME 键空间：结果摘要 ≠ 审查结论；缺失显示"未记录"
2026-10-03T10:24:46.8153195Z   ---
2026-10-03T10:24:46.8153355Z   duration_ms: 0.108791
2026-10-03T10:24:46.8153534Z   type: 'test'
2026-10-03T10:24:46.8153695Z   ...
2026-10-03T10:24:46.8154071Z # Subtest: EXECUTION 扩展：console-pg/contract 执行族（SUCCEEDED/FAILED/SUPERSEDED）
2026-10-03T10:24:46.8154569Z ok 220 - EXECUTION 扩展：console-pg/contract 执行族（SUCCEEDED/FAILED/SUPERSEDED）
2026-10-03T10:24:46.8154870Z   ---
2026-10-03T10:24:46.8155029Z   duration_ms: 0.082011
2026-10-03T10:24:46.8155211Z   type: 'test'
2026-10-03T10:24:46.8155368Z   ...
2026-10-03T10:24:46.8155513Z 1..220
2026-10-03T10:24:46.8155667Z # tests 220
2026-10-03T10:24:46.8155821Z # suites 0
2026-10-03T10:24:46.8155980Z # pass 212
2026-10-03T10:24:46.8156129Z # fail 0
2026-10-03T10:24:46.8156284Z # cancelled 0
2026-10-03T10:24:46.8156446Z # skipped 8
2026-10-03T10:24:46.8156610Z # todo 0
2026-10-03T10:24:46.8156779Z # duration_ms 30847.330913
2026-10-03T10:24:46.8196395Z ##[group]Run node --test console/backend/test/ragtrial-dependency-readiness.test.mjs
2026-10-03T10:24:46.8196894Z [36;1mnode --test console/backend/test/ragtrial-dependency-readiness.test.mjs[0m
2026-10-03T10:24:46.8252575Z shell: /usr/bin/bash -e {0}
2026-10-03T10:24:46.8252784Z env:
2026-10-03T10:24:46.8253335Z   FXV_PG_TEST_DSN: ***127.0.0.1:5432/fxv
2026-10-03T10:24:46.8253672Z   CCHAIN_TEST_DSN: ***127.0.0.1:5432/fxv
2026-10-03T10:24:46.8253896Z   FXV_S3_ENDPOINT: http://127.0.0.1:9000
2026-10-03T10:24:46.8254117Z   FXV_S3_ACCESS_KEY: ci-minio
2026-10-03T10:24:46.8254212Z   FXV_S3_SECRET_KEY: ci-minio-secret-123456
2026-10-03T10:24:46.8254296Z   FXV_S3_BUCKET: fxv-artifacts-e2e
2026-10-03T10:24:46.8254365Z ##[endgroup]
2026-10-03T10:24:46.8673594Z TAP version 13
2026-10-03T10:24:46.9413626Z # Subtest: SM-1 缺配置（env 未设）→ NOT_CONFIGURED/BLOCKED
2026-10-03T10:24:46.9417362Z ok 1 - SM-1 缺配置（env 未设）→ NOT_CONFIGURED/BLOCKED
2026-10-03T10:24:46.9417934Z   ---
2026-10-03T10:24:46.9418296Z   duration_ms: 0.862573
2026-10-03T10:24:46.9418563Z   type: 'test'
2026-10-03T10:24:46.9418804Z   ...
2026-10-03T10:24:46.9419845Z # Subtest: SM-2 目录不存在 → MISSING/not_distributed/BLOCKED
2026-10-03T10:24:46.9425154Z ok 2 - SM-2 目录不存在 → MISSING/not_distributed/BLOCKED
2026-10-03T10:24:46.9425275Z   ---
2026-10-03T10:24:46.9425411Z   duration_ms: 0.171583
2026-10-03T10:24:46.9425531Z   type: 'test'
2026-10-03T10:24:46.9425630Z   ...
2026-10-03T10:24:46.9426403Z # Subtest: SM-3 目录存在但无密钥 → MISSING/not_distributed/BLOCKED
2026-10-03T10:24:46.9428363Z ok 3 - SM-3 目录存在但无密钥 → MISSING/not_distributed/BLOCKED
2026-10-03T10:24:46.9428557Z   ---
2026-10-03T10:24:46.9428677Z   duration_ms: 0.276127
2026-10-03T10:24:46.9428783Z   type: 'test'
2026-10-03T10:24:46.9428874Z   ...
2026-10-03T10:24:46.9430301Z # Subtest: SM-4 有效密钥 → READY
2026-10-03T10:24:46.9431067Z ok 4 - SM-4 有效密钥 → READY
2026-10-03T10:24:46.9431503Z   ---
2026-10-03T10:24:46.9431973Z   duration_ms: 0.599915
2026-10-03T10:24:46.9432098Z   type: 'test'
2026-10-03T10:24:46.9433572Z   ...
2026-10-03T10:24:46.9433844Z # Subtest: SM-5 已撤销密钥 → 验签拒绝
2026-10-03T10:24:46.9434326Z ok 5 - SM-5 已撤销密钥 → 验签拒绝
2026-10-03T10:24:46.9434661Z   ---
2026-10-03T10:24:46.9434789Z   duration_ms: 0.772109
2026-10-03T10:24:46.9434899Z   type: 'test'
2026-10-03T10:24:46.9435007Z   ...
2026-10-03T10:24:46.9436015Z # Subtest: SM-6 已过期密钥 → 验签拒绝（等效无密钥）
2026-10-03T10:24:46.9436650Z ok 6 - SM-6 已过期密钥 → 验签拒绝（等效无密钥）
2026-10-03T10:24:46.9436902Z   ---
2026-10-03T10:24:46.9437025Z   duration_ms: 0.362525
2026-10-03T10:24:46.9437134Z   type: 'test'
2026-10-03T10:24:46.9437242Z   ...
2026-10-03T10:24:46.9438800Z # Subtest: SM-7 轮换场景：旧密钥撤销+新密钥生效
2026-10-03T10:24:46.9441889Z ok 7 - SM-7 轮换场景：旧密钥撤销+新密钥生效
2026-10-03T10:24:46.9442013Z   ---
2026-10-03T10:24:46.9442133Z   duration_ms: 0.562599
2026-10-03T10:24:46.9442239Z   type: 'test'
2026-10-03T10:24:46.9442332Z   ...
2026-10-03T10:24:46.9453146Z # Subtest: SM-8 错误签名 → BAD_SIGNATURE
2026-10-03T10:24:46.9463930Z ok 8 - SM-8 错误签名 → BAD_SIGNATURE
2026-10-03T10:24:46.9464065Z   ---
2026-10-03T10:24:46.9464199Z   duration_ms: 0.391157
2026-10-03T10:24:46.9464322Z   type: 'test'
2026-10-03T10:24:46.9464422Z   ...
2026-10-03T10:24:46.9464720Z # Subtest: SM-9 nonce 重放 → REPLAYED_NONCE
2026-10-03T10:24:46.9464970Z ok 9 - SM-9 nonce 重放 → REPLAYED_NONCE
2026-10-03T10:24:46.9465068Z   ---
2026-10-03T10:24:46.9465195Z   duration_ms: 0.605954
2026-10-03T10:24:46.9465303Z   type: 'test'
2026-10-03T10:24:46.9465418Z   ...
2026-10-03T10:24:46.9465702Z # Subtest: EA-1 缺配置 → NOT_CONFIGURED/BLOCKED
2026-10-03T10:24:46.9465959Z ok 10 - EA-1 缺配置 → NOT_CONFIGURED/BLOCKED
2026-10-03T10:24:46.9466066Z   ---
2026-10-03T10:24:46.9466190Z   duration_ms: 1.002859
2026-10-03T10:24:46.9466300Z   type: 'test'
2026-10-03T10:24:46.9466406Z   ...
2026-10-03T10:24:46.9573795Z # Subtest: EA-2 有效 attestation → ATTESTED
2026-10-03T10:24:46.9574060Z ok 11 - EA-2 有效 attestation → ATTESTED
2026-10-03T10:24:46.9574200Z   ---
2026-10-03T10:24:46.9574334Z   duration_ms: 23.891954
2026-10-03T10:24:46.9574802Z   type: 'test'
2026-10-03T10:24:46.9574909Z   ...
2026-10-03T10:24:46.9575271Z # Subtest: EA-3 端点不可达 → UNREACHABLE/fail-closed
2026-10-03T10:24:46.9575550Z ok 12 - EA-3 端点不可达 → UNREACHABLE/fail-closed
2026-10-03T10:24:46.9575655Z   ---
2026-10-03T10:24:46.9575771Z   duration_ms: 0.685311
2026-10-03T10:24:46.9575884Z   type: 'test'
2026-10-03T10:24:46.9575983Z   ...
2026-10-03T10:24:46.9635304Z # Subtest: EA-4 key_id 不匹配 → INVALID
2026-10-03T10:24:46.9635766Z ok 13 - EA-4 key_id 不匹配 → INVALID
2026-10-03T10:24:46.9636114Z   ---
2026-10-03T10:24:46.9636418Z   duration_ms: 7.395219
2026-10-03T10:24:46.9636705Z   type: 'test'
2026-10-03T10:24:46.9636912Z   ...
2026-10-03T10:24:46.9663449Z # Subtest: EA-5 响应缺字段 → INVALID
2026-10-03T10:24:46.9693500Z ok 14 - EA-5 响应缺字段 → INVALID
2026-10-03T10:24:46.9704329Z   ---
2026-10-03T10:24:46.9704727Z   duration_ms: 3.214812
2026-10-03T10:24:46.9705007Z   type: 'test'
2026-10-03T10:24:46.9705782Z   ...
2026-10-03T10:24:46.9706560Z # Subtest: EA-6 非 JSON 响应 → INVALID
2026-10-03T10:24:46.9706908Z ok 15 - EA-6 非 JSON 响应 → INVALID
2026-10-03T10:24:46.9707143Z   ---
2026-10-03T10:24:46.9707363Z   duration_ms: 2.831667
2026-10-03T10:24:46.9707568Z   type: 'test'
2026-10-03T10:24:46.9707789Z   ...
2026-10-03T10:24:46.9723973Z # Subtest: EA-7 HTTP 非 200 → UNREACHABLE
2026-10-03T10:24:46.9724319Z ok 16 - EA-7 HTTP 非 200 → UNREACHABLE
2026-10-03T10:24:46.9724689Z   ---
2026-10-03T10:24:46.9724815Z   duration_ms: 3.404543
2026-10-03T10:24:46.9724927Z   type: 'test'
2026-10-03T10:24:46.9725028Z   ...
2026-10-03T10:24:47.4728937Z # Subtest: EA-8 超时 → UNREACHABLE（AbortSignal.timeout）
2026-10-03T10:24:47.4729684Z ok 17 - EA-8 超时 → UNREACHABLE（AbortSignal.timeout）
2026-10-03T10:24:47.4730081Z   ---
2026-10-03T10:24:47.4730352Z   duration_ms: 501.157402
2026-10-03T10:24:47.4730642Z   type: 'test'
2026-10-03T10:24:47.4730881Z   ...
2026-10-03T10:24:56.9840917Z 1..17
2026-10-03T10:24:56.9841235Z # tests 17
2026-10-03T10:24:56.9841511Z # suites 0
2026-10-03T10:24:56.9841753Z # pass 17
2026-10-03T10:24:56.9841985Z # fail 0
2026-10-03T10:24:56.9842210Z # cancelled 0
2026-10-03T10:24:56.9842488Z # skipped 0
2026-10-03T10:24:56.9842746Z # todo 0
2026-10-03T10:24:56.9843143Z # duration_ms 10126.387158
2026-10-03T10:24:56.9919440Z ##[group]Run node --test console/backend/test/fxv-pg.integration.mjs
2026-10-03T10:24:56.9919846Z [36;1mnode --test console/backend/test/fxv-pg.integration.mjs[0m
2026-10-03T10:24:56.9975481Z shell: /usr/bin/bash -e {0}
2026-10-03T10:24:56.9975691Z env:
2026-10-03T10:24:56.9976280Z   FXV_PG_TEST_DSN: ***127.0.0.1:5432/fxv
2026-10-03T10:24:56.9976634Z   CCHAIN_TEST_DSN: ***127.0.0.1:5432/fxv
2026-10-03T10:24:56.9976860Z   FXV_S3_ENDPOINT: http://127.0.0.1:9000
2026-10-03T10:24:56.9977081Z   FXV_S3_ACCESS_KEY: ci-minio
2026-10-03T10:24:56.9977294Z   FXV_S3_SECRET_KEY: ci-minio-secret-123456
2026-10-03T10:24:56.9977528Z   FXV_S3_BUCKET: fxv-artifacts-e2e
2026-10-03T10:24:56.9977732Z ##[endgroup]
2026-10-03T10:24:57.0389132Z TAP version 13
2026-10-03T10:24:57.0822447Z # PG: ***127.0.0.1:5432/fxv
2026-10-03T10:24:57.2034272Z # == S1 成功链（dry-run，真 PG 状态机 + 真 git 应用）==
2026-10-03T10:24:57.2325839Z # To /tmp/fxv-origin-iWuAlq/origin.git
2026-10-03T10:24:57.2328029Z #  * [new branch]      main -> main
2026-10-03T10:24:57.2662445Z # From /tmp/fxv-origin-iWuAlq/origin
2026-10-03T10:24:57.2663777Z #  * branch            0036190dda5d7d695c7bae1641220bd49e915dc7 -> FETCH_HEAD
2026-10-03T10:24:57.2694991Z # Note: switching to 'FETCH_HEAD'.
2026-10-03T10:24:57.2698516Z # You are in 'detached HEAD' state. You can look around, make experimental
2026-10-03T10:24:57.2699270Z # changes and commit them, and you can discard any commits you make in this
2026-10-03T10:24:57.2699970Z # state without impacting any branches by switching back to a branch.
2026-10-03T10:24:57.2700641Z # If you want to create a new branch to retain commits you create, you may
2026-10-03T10:24:57.2701635Z # do so (now or later) by using -c with the switch command. Example:
2026-10-03T10:24:57.2703781Z #   git switch -c <new-branch-name>
2026-10-03T10:24:57.2704903Z # Or undo this operation with:
2026-10-03T10:24:57.2706317Z #   git switch -
2026-10-03T10:24:57.2708987Z # Turn off this advice by setting config variable advice.detachedHead to false
2026-10-03T10:24:57.2709579Z # HEAD is now at 0036190 seed
2026-10-03T10:24:57.2737525Z #   PASS  S1 dry-run 全链 → DRY_RUN_COMPLETE
2026-10-03T10:24:57.2746953Z #   PASS  S1 审计链完整（FILED→…→DRY_RUN_COMPLETE）
2026-10-03T10:24:57.2756493Z #   PASS  S1 幂等重放不产生新副作用
2026-10-03T10:24:57.2759498Z # == S2 finding/attempt 不存在 ==
2026-10-03T10:24:57.2770262Z #   PASS  S2 未知 attempt → TransitionConflict
2026-10-03T10:24:57.2770865Z # == S3 stale head ==
2026-10-03T10:24:57.2828033Z #   PASS  S3 head 漂移 → STALE_HEAD 终态
2026-10-03T10:24:57.2829642Z # == S4 wrong repo（allowlist）==
2026-10-03T10:24:57.2898969Z #   PASS  S4 越权仓库 → ERROR_FATAL + 审计原因
2026-10-03T10:24:57.2899574Z # == S5 patch digest drift ==
2026-10-03T10:24:57.3175258Z # To /tmp/fxv-origin-uCkqYq/origin.git
2026-10-03T10:24:57.3175730Z #  * [new branch]      main -> main
2026-10-03T10:24:57.3287319Z #   PASS  S5 生成补丁摘要与立案不符 → DIGEST_DRIFT
2026-10-03T10:24:57.3287742Z # == S6 测试失败 ==
2026-10-03T10:24:57.3568331Z # To /tmp/fxv-origin-9IAeZ1/origin.git
2026-10-03T10:24:57.3568696Z #  * [new branch]      main -> main
2026-10-03T10:24:57.3879442Z # From /tmp/fxv-origin-9IAeZ1/origin
2026-10-03T10:24:57.3880113Z #  * branch            0036190dda5d7d695c7bae1641220bd49e915dc7 -> FETCH_HEAD
2026-10-03T10:24:57.3908115Z # Note: switching to 'FETCH_HEAD'.
2026-10-03T10:24:57.3908987Z # You are in 'detached HEAD' state. You can look around, make experimental
2026-10-03T10:24:57.3910323Z # changes and commit them, and you can discard any commits you make in this
2026-10-03T10:24:57.3920797Z # state without impacting any branches by switching back to a branch.
2026-10-03T10:24:57.3921712Z # If you want to create a new branch to retain commits you create, you may
2026-10-03T10:24:57.3922221Z # do so (now or later) by using -c with the switch command. Example:
2026-10-03T10:24:57.3922574Z #   git switch -c <new-branch-name>
2026-10-03T10:24:57.3922838Z # Or undo this operation with:
2026-10-03T10:24:57.3923311Z #   git switch -
2026-10-03T10:24:57.3923961Z # Turn off this advice by setting config variable advice.detachedHead to false
2026-10-03T10:24:57.3924305Z # HEAD is now at 0036190 seed
2026-10-03T10:24:57.4397401Z #   PASS  S6 隔离测试失败 → TEST_FAILED
2026-10-03T10:24:57.4397825Z # == S7 并发 claim（两执行者竞争同一转迁）==
2026-10-03T10:24:57.4481330Z #   PASS  S7 恰好一个非幂等赢家
2026-10-03T10:24:57.4481871Z # == S8 重启恢复（新 store 实例 recover）==
2026-10-03T10:24:57.4761385Z # To /tmp/fxv-origin-ik5aKd/origin.git
2026-10-03T10:24:57.4761889Z #  * [new branch]      main -> main
2026-10-03T10:24:57.4921486Z #   PASS  S8 过期 → EXPIRED
2026-10-03T10:24:57.4923583Z #   PASS  S8 head 漂移 → STALE_HEAD
2026-10-03T10:24:57.4927631Z #   PASS  S8 可续跑保持 APPROVED
2026-10-03T10:24:57.5141897Z # From /tmp/fxv-origin-ik5aKd/origin
2026-10-03T10:24:57.5142590Z #  * branch            0036190dda5d7d695c7bae1641220bd49e915dc7 -> FETCH_HEAD
2026-10-03T10:24:57.5172119Z # Note: switching to 'FETCH_HEAD'.
2026-10-03T10:24:57.5172690Z # You are in 'detached HEAD' state. You can look around, make experimental
2026-10-03T10:24:57.5177264Z # changes and commit them, and you can discard any commits you make in this
2026-10-03T10:24:57.5179977Z # state without impacting any branches by switching back to a branch.
2026-10-03T10:24:57.5180464Z # If you want to create a new branch to retain commits you create, you may
2026-10-03T10:24:57.5180989Z # do so (now or later) by using -c with the switch command. Example:
2026-10-03T10:24:57.5181513Z #   git switch -c <new-branch-name>
2026-10-03T10:24:57.5181844Z # Or undo this operation with:
2026-10-03T10:24:57.5182050Z #   git switch -
2026-10-03T10:24:57.5182386Z # Turn off this advice by setting config variable advice.detachedHead to false
2026-10-03T10:24:57.5182706Z # HEAD is now at 0036190 seed
2026-10-03T10:24:57.5219308Z #   PASS  S8 续跑至 DRY_RUN_COMPLETE
2026-10-03T10:24:57.5220082Z # == S9 rollback（真实提交本地 bare 后测试失败 → 回滚）==
2026-10-03T10:24:57.5491138Z # To /tmp/fxv-origin-uUDoU7/origin.git
2026-10-03T10:24:57.5491471Z #  * [new branch]      main -> main
2026-10-03T10:24:57.5765834Z # From /tmp/fxv-origin-uUDoU7/origin
2026-10-03T10:24:57.5766533Z #  * branch            0036190dda5d7d695c7bae1641220bd49e915dc7 -> FETCH_HEAD
2026-10-03T10:24:57.5796072Z # Note: switching to 'FETCH_HEAD'.
2026-10-03T10:24:57.5796748Z # You are in 'detached HEAD' state. You can look around, make experimental
2026-10-03T10:24:57.5797524Z # changes and commit them, and you can discard any commits you make in this
2026-10-03T10:24:57.5798329Z # state without impacting any branches by switching back to a branch.
2026-10-03T10:24:57.5799104Z # If you want to create a new branch to retain commits you create, you may
2026-10-03T10:24:57.5799849Z # do so (now or later) by using -c with the switch command. Example:
2026-10-03T10:24:57.5800671Z #   git switch -c <new-branch-name>
2026-10-03T10:24:57.5801172Z # Or undo this operation with:
2026-10-03T10:24:57.5807566Z #   git switch -
2026-10-03T10:24:57.5808170Z # Turn off this advice by setting config variable advice.detachedHead to false
2026-10-03T10:24:57.5810934Z # HEAD is now at 0036190 seed
2026-10-03T10:24:57.6030955Z # From /tmp/fxv-origin-uUDoU7/origin
2026-10-03T10:24:57.6031608Z #  * branch            0036190dda5d7d695c7bae1641220bd49e915dc7 -> FETCH_HEAD
2026-10-03T10:24:57.6059715Z # Note: switching to 'FETCH_HEAD'.
2026-10-03T10:24:57.6060384Z # You are in 'detached HEAD' state. You can look around, make experimental
2026-10-03T10:24:57.6061474Z # changes and commit them, and you can discard any commits you make in this
2026-10-03T10:24:57.6062476Z # state without impacting any branches by switching back to a branch.
2026-10-03T10:24:57.6063586Z # If you want to create a new branch to retain commits you create, you may
2026-10-03T10:24:57.6064482Z # do so (now or later) by using -c with the switch command. Example:
2026-10-03T10:24:57.6065207Z #   git switch -c <new-branch-name>
2026-10-03T10:24:57.6065728Z # Or undo this operation with:
2026-10-03T10:24:57.6066241Z #   git switch -
2026-10-03T10:24:57.6067346Z # Turn off this advice by setting config variable advice.detachedHead to false
2026-10-03T10:24:57.6068072Z # HEAD is now at 0036190 seed
2026-10-03T10:24:57.6261440Z # To /tmp/fxv-origin-uUDoU7/origin.git
2026-10-03T10:24:57.6261925Z #    0036190..1ec99e8  HEAD -> main
2026-10-03T10:24:57.6958008Z # To /tmp/fxv-origin-uUDoU7/origin.git
2026-10-03T10:24:57.6958830Z #  + 1ec99e8...0036190 0036190dda5d7d695c7bae1641220bd49e915dc7 -> main (forced update)
2026-10-03T10:24:57.6975669Z #   PASS  S9 推送后失败 → ROLLED_BACK 且 bare 回到 base head
2026-10-03T10:24:57.6998074Z #   PASS  S9 bare main == seed head（回滚成功）
2026-10-03T10:24:57.6998865Z # == S10 补丁含凭据形状 → 拒绝 ==
2026-10-03T10:24:57.7265417Z # To /tmp/fxv-origin-1fqdJO/origin.git
2026-10-03T10:24:57.7265976Z #  * [new branch]      main -> main
2026-10-03T10:24:57.7371866Z #   PASS  S10 凭据形状补丁 → ERROR_FATAL(secret-shaped)
2026-10-03T10:24:57.7372461Z # == S11 GitHub 写边界（未授权禁止真实写）==
2026-10-03T10:24:57.7639752Z # To /tmp/fxv-origin-Cr4n7C/origin.git
2026-10-03T10:24:57.7640255Z #  * [new branch]      main -> main
2026-10-03T10:24:57.7997514Z # From /tmp/fxv-origin-Cr4n7C/origin
2026-10-03T10:24:57.7998178Z #  * branch            0036190dda5d7d695c7bae1641220bd49e915dc7 -> FETCH_HEAD
2026-10-03T10:24:57.8025988Z # Note: switching to 'FETCH_HEAD'.
2026-10-03T10:24:57.8026793Z # You are in 'detached HEAD' state. You can look around, make experimental
2026-10-03T10:24:57.8027591Z # changes and commit them, and you can discard any commits you make in this
2026-10-03T10:24:57.8028301Z # state without impacting any branches by switching back to a branch.
2026-10-03T10:24:57.8029251Z # If you want to create a new branch to retain commits you create, you may
2026-10-03T10:24:57.8032279Z # do so (now or later) by using -c with the switch command. Example:
2026-10-03T10:24:57.8033002Z #   git switch -c <new-branch-name>
2026-10-03T10:24:57.8033841Z # Or undo this operation with:
2026-10-03T10:24:57.8034196Z #   git switch -
2026-10-03T10:24:57.8034733Z # Turn off this advice by setting config variable advice.detachedHead to false
2026-10-03T10:24:57.8035169Z # HEAD is now at 0036190 seed
2026-10-03T10:24:57.8069594Z #   PASS  S11 dry_run=off 且无授权 → AWAITING_GITHUB_GRANT（真实写不可达）
2026-10-03T10:24:57.8073183Z #   PASS  S11 disabled 模式即使存在可用授权也不消费
2026-10-03T10:24:57.8074542Z # fxv-pg integration: 18 passed, 0 failed
2026-10-03T10:24:57.8158820Z # Subtest: console/backend/test/fxv-pg.integration.mjs
2026-10-03T10:24:57.8162135Z ok 1 - console/backend/test/fxv-pg.integration.mjs
2026-10-03T10:24:57.8162485Z   ---
2026-10-03T10:24:57.8162714Z   duration_ms: 780.12601
2026-10-03T10:24:57.8163083Z   type: 'test'
2026-10-03T10:24:57.8163325Z   ...
2026-10-03T10:24:57.8163522Z 1..1
2026-10-03T10:24:57.8163696Z # tests 1
2026-10-03T10:24:57.8164220Z # suites 0
2026-10-03T10:24:57.8164373Z # pass 1
2026-10-03T10:24:57.8164527Z # fail 0
2026-10-03T10:24:57.8165256Z # cancelled 0
2026-10-03T10:24:57.8165769Z # skipped 0
2026-10-03T10:24:57.8166050Z # todo 0
2026-10-03T10:24:57.8166368Z # duration_ms 786.130187
2026-10-03T10:24:57.8236881Z ##[group]Run node --test console/backend/test/cchain-wiring.integration.mjs
2026-10-03T10:24:57.8237324Z [36;1mnode --test console/backend/test/cchain-wiring.integration.mjs[0m
2026-10-03T10:24:57.8292322Z shell: /usr/bin/bash -e {0}
2026-10-03T10:24:57.8292531Z env:
2026-10-03T10:24:57.8293130Z   FXV_PG_TEST_DSN: ***127.0.0.1:5432/fxv
2026-10-03T10:24:57.8293484Z   CCHAIN_TEST_DSN: ***127.0.0.1:5432/fxv
2026-10-03T10:24:57.8293708Z   FXV_S3_ENDPOINT: http://127.0.0.1:9000
2026-10-03T10:24:57.8293929Z   FXV_S3_ACCESS_KEY: ci-minio
2026-10-03T10:24:57.8294141Z   FXV_S3_SECRET_KEY: ci-minio-secret-123456
2026-10-03T10:24:57.8294368Z   FXV_S3_BUCKET: fxv-artifacts-e2e
2026-10-03T10:24:57.8294566Z ##[endgroup]
2026-10-03T10:24:57.8689395Z TAP version 13
2026-10-03T10:24:58.0050644Z # Subtest: status 首次观测 → CCHAIN_STATE_CHANGED 审计行（actor 非空 + blocked_conditions 入 meta）
2026-10-03T10:24:58.0054959Z ok 1 - status 首次观测 → CCHAIN_STATE_CHANGED 审计行（actor 非空 + blocked_conditions 入 meta）
2026-10-03T10:24:58.0055812Z   ---
2026-10-03T10:24:58.0056219Z   duration_ms: 90.378091
2026-10-03T10:24:58.0056696Z   type: 'test'
2026-10-03T10:24:58.0057002Z   ...
2026-10-03T10:24:58.0319777Z # Subtest: run-binding 验签成败两行审计（actor=run-binding:<id>，nonce 前缀入 meta）
2026-10-03T10:24:58.0329644Z ok 2 - run-binding 验签成败两行审计（actor=run-binding:<id>，nonce 前缀入 meta）
2026-10-03T10:24:58.0338875Z   ---
2026-10-03T10:24:58.0342281Z   duration_ms: 26.062211
2026-10-03T10:24:58.0342699Z   type: 'test'
2026-10-03T10:24:58.0343240Z   ...
2026-10-03T10:24:58.0616436Z # Subtest: keystore 轮换审计（actor=操作员）+ 新旧 key 生效切换
2026-10-03T10:24:58.0617299Z ok 3 - keystore 轮换审计（actor=操作员）+ 新旧 key 生效切换
2026-10-03T10:24:58.0617700Z   ---
2026-10-03T10:24:58.0618026Z   duration_ms: 30.215907
2026-10-03T10:24:58.0618413Z   type: 'test'
2026-10-03T10:24:58.0618721Z   ...
2026-10-03T10:24:58.1228658Z # Subtest: M-2（PG 实证）：同源拒绝审计封顶——7 次失败仅落 4 行审计，成功验签不受限
2026-10-03T10:24:58.1229700Z ok 4 - M-2（PG 实证）：同源拒绝审计封顶——7 次失败仅落 4 行审计，成功验签不受限
2026-10-03T10:24:58.1230242Z   ---
2026-10-03T10:24:58.1230615Z   duration_ms: 62.54261
2026-10-03T10:24:58.1230918Z   type: 'test'
2026-10-03T10:24:58.1231234Z   ...
2026-10-03T10:24:58.1353877Z 1..4
2026-10-03T10:24:58.1354325Z # tests 4
2026-10-03T10:24:58.1354713Z # suites 0
2026-10-03T10:24:58.1355046Z # pass 4
2026-10-03T10:24:58.1355365Z # fail 0
2026-10-03T10:24:58.1355752Z # cancelled 0
2026-10-03T10:24:58.1356030Z # skipped 0
2026-10-03T10:24:58.1356354Z # todo 0
2026-10-03T10:24:58.1356736Z # duration_ms 276.180937
2026-10-03T10:24:58.1431344Z ##[group]Run node console/backend/test/fxv-e2e-archive.integration.mjs
2026-10-03T10:24:58.1432080Z [36;1mnode console/backend/test/fxv-e2e-archive.integration.mjs[0m
2026-10-03T10:24:58.1489097Z shell: /usr/bin/bash -e {0}
2026-10-03T10:24:58.1489333Z env:
2026-10-03T10:24:58.1489740Z   FXV_PG_TEST_DSN: ***127.0.0.1:5432/fxv
2026-10-03T10:24:58.1490096Z   CCHAIN_TEST_DSN: ***127.0.0.1:5432/fxv
2026-10-03T10:24:58.1490333Z   FXV_S3_ENDPOINT: http://127.0.0.1:9000
2026-10-03T10:24:58.1490563Z   FXV_S3_ACCESS_KEY: ci-minio
2026-10-03T10:24:58.1490782Z   FXV_S3_SECRET_KEY: ci-minio-secret-123456
2026-10-03T10:24:58.1491013Z   FXV_S3_BUCKET: fxv-artifacts-e2e
2026-10-03T10:24:58.1491213Z ##[endgroup]
2026-10-03T10:24:58.2127457Z   PASS  S3 configured
2026-10-03T10:24:58.2436532Z == E2E-1 成功链 → COMPLETE ==
2026-10-03T10:24:58.2821184Z To /tmp/e2a-vMjIah/o.git
2026-10-03T10:24:58.2823690Z  * [new branch]      main -> main
2026-10-03T10:24:58.5036332Z   PASS  业务 DRY_RUN_COMPLETE
2026-10-03T10:24:58.5036925Z   PASS  artifact_status=COMPLETE
2026-10-03T10:24:58.5037455Z   PASS  patch/verifier/tests/audit/manifest 五类对象
2026-10-03T10:24:58.5038044Z   PASS  manifest 绑定 repo/pr/head/ticket/attempt/digest
2026-10-03T10:24:58.5164418Z   PASS  读侧校验 OK
2026-10-03T10:24:58.5165025Z == E2E-2 failed test → 失败证据+审计，artifact COMPLETE ==
2026-10-03T10:24:58.5940270Z To /tmp/e2a-8Pq5kQ/o.git
2026-10-03T10:24:58.5940573Z  * [new branch]      main -> main
2026-10-03T10:24:58.7739363Z   PASS  业务 TEST_FAILED
2026-10-03T10:24:58.7739830Z   PASS  失败也有失败 artifact（patch 已归档）
2026-10-03T10:24:58.7740335Z   PASS  审计链有 TEST_FAILED 终态事件
2026-10-03T10:24:58.7740763Z   PASS  失败场景证据完备=COMPLETE
2026-10-03T10:24:58.7741299Z == E2E-3 业务成功但 S3 不可用 → ERROR_FATAL（绝不成功态+NONE）==
2026-10-03T10:24:58.8049216Z To /tmp/e2a-ZkOOoH/o.git
2026-10-03T10:24:58.8049660Z  * [new branch]      main -> main
2026-10-03T10:24:58.8823391Z   PASS  翻 ERROR_FATAL
2026-10-03T10:24:58.8823948Z   PASS  artifact_status=FAILED（非 NONE）
2026-10-03T10:24:58.8824669Z == E2E-4 删除对象 → MISSING/FAILED；篡改 → DIGEST_MISMATCH/FAILED ==
2026-10-03T10:24:58.9115967Z To /tmp/e2a-roZZzj/o.git
2026-10-03T10:24:58.9116281Z  * [new branch]      main -> main
2026-10-03T10:24:59.1204560Z   PASS  删除→MISSING/FAILED
2026-10-03T10:24:59.1314456Z   PASS  篡改→DIGEST_MISMATCH/FAILED
2026-10-03T10:24:59.1315149Z == E2E-5 stale head / empty patch / digest drift 归档与审计 ==
2026-10-03T10:24:59.1616142Z To /tmp/e2a-tOaDwn/o.git
2026-10-03T10:24:59.1616563Z  * [new branch]      main -> main
2026-10-03T10:24:59.3023994Z   PASS  empty patch→ERROR_FATAL+失败证据归档
2026-10-03T10:24:59.3024340Z 
2026-10-03T10:24:59.3024532Z e2e-archive: 15 passed, 0 failed
2026-10-03T10:24:59.3140464Z ##[group]Run node console/backend/test/mu-store.integration.mjs
2026-10-03T10:24:59.3140839Z [36;1mnode console/backend/test/mu-store.integration.mjs[0m
2026-10-03T10:24:59.3195960Z shell: /usr/bin/bash -e {0}
2026-10-03T10:24:59.3196168Z env:
2026-10-03T10:24:59.3196593Z   FXV_PG_TEST_DSN: ***127.0.0.1:5432/fxv
2026-10-03T10:24:59.3196994Z   CCHAIN_TEST_DSN: ***127.0.0.1:5432/fxv
2026-10-03T10:24:59.3197226Z   FXV_S3_ENDPOINT: http://127.0.0.1:9000
2026-10-03T10:24:59.3197442Z   FXV_S3_ACCESS_KEY: ci-minio
2026-10-03T10:24:59.3197654Z   FXV_S3_SECRET_KEY: ci-minio-secret-123456
2026-10-03T10:24:59.3197912Z   FXV_S3_BUCKET: fxv-artifacts-e2e
2026-10-03T10:24:59.3198119Z ##[endgroup]
2026-10-03T10:25:01.4910834Z   PASS  MS1 迁移应用且可重复执行（幂等）
2026-10-03T10:25:01.4914547Z   PASS  MS1b 版本表记录 1+2+3
2026-10-03T10:25:01.4987236Z   PASS  MS2 bootstrap 幂等（两次同 tenant/user/membership）
2026-10-03T10:25:01.4987695Z   PASS  MS2b 迁移 tenant 标记 + pilot 操作员 → platform_admin
2026-10-03T10:25:01.4993723Z   PASS  MS2c bootstrap 身份映射（fixture provider，无任何 token 列）
2026-10-03T10:25:01.5043105Z   PASS  MS3 同 provider_repo_id 可存在于两个 tenant（复合唯一含 tenant 维度）
2026-10-03T10:25:01.5054572Z   PASS  MS4 resolveRepository 按 tenant 收窄：A 的会话解析不出 B 的 repo
2026-10-03T10:25:01.5061828Z   PASS  MS5 同 tenant 内同 repo 幂等（同 repo_id）
2026-10-03T10:25:01.5110073Z   PASS  MS6 binding (tenant,repo,kind) 幂等
2026-10-03T10:25:01.5122544Z   PASS  MS6b 吊销后 getBindingForRepo 为 null（fail-closed）
2026-10-03T10:25:01.5140221Z   PASS  MS6c 重启用恢复 active
2026-10-03T10:25:01.5164197Z   PASS  MS7 角色词汇 CHECK 约束拒绝未知角色
2026-10-03T10:25:01.5222129Z   PASS  MS8 login 全局唯一
2026-10-03T10:25:01.5398763Z   PASS  MS9 schema 零明文凭据列（允许 *_hash 摘要列 + 精确白名单）
2026-10-03T10:25:01.5423211Z   PASS  MS10 撤销后 membership.state=revoked（保留历史，authz 按 state fail-closed）
2026-10-03T10:25:01.5438440Z   PASS  MS10b 重新授予恢复 active 且角色更新
2026-10-03T10:25:01.5498147Z   PASS  MS11 binding 跨租户（B tenant + A repo）被复合 FK 拒绝
2026-10-03T10:25:01.5581473Z   PASS  MS11b pull_request 跨租户（B tenant + A repo）被复合 FK 拒绝
2026-10-03T10:25:01.5663484Z   PASS  MS11c review_record 跨租户（B tenant + A repo + A pr）被复合 FK 拒绝
2026-10-03T10:25:01.5752758Z   PASS  MS11d job 跨租户（B tenant + A repo + A pr）被复合 FK 拒绝
2026-10-03T10:25:01.5811748Z   PASS  MS11e audit_event 无 tenant_id 被 NOT NULL 拒绝（tenant 域必须归属）
2026-10-03T10:25:01.5813442Z   PASS  MS11f store.audit 对无 tenantId 前置拒绝（应用层+DB 双保险）
2026-10-03T10:25:01.5886275Z   PASS  MS11g platform 域审计独立表可写（明确 scope 建模，非 nullable 歧义）
2026-10-03T10:25:01.5886937Z   PASS  MS11g2 platform 审计 kind 注册表 fail-closed（未知类型拒绝）
2026-10-03T10:25:01.5901737Z   PASS  MS11h 八条复合约束全部在目录（2 UK + 6 FK）
2026-10-03T10:25:01.5946612Z   PASS  MS11i 同租户组合照常可写（含 pr_id NULL 的 MATCH SIMPLE 放行）
2026-10-03T10:25:01.6012621Z   PASS  MS11j 迁移可重复执行（initSchema 三跑零错——语句级幂等守卫）
2026-10-03T10:25:01.6044461Z   PASS  MS11k review_record 同租户 repo/pr 交叉（repoA + repoB 的 PR）被三列 FK 拒绝
2026-10-03T10:25:01.6144801Z   PASS  MS11l job 同租户 repo/pr 交叉被三列 FK 拒绝
2026-10-03T10:25:01.6244812Z   PASS  MS11m repo/pr 一致的合法组合照常可写
2026-10-03T10:25:01.6415580Z   PASS  MS12a 已有合法数据上重放 migration v3（重加 FK 校验存量行）成功
2026-10-03T10:25:01.6458101Z   PASS  MS12b 历史脏行升级失败可诊断（PG 23502 含列名提示）
2026-10-03T10:25:01.6657254Z   PASS  MS12c 清理脏行后重放自愈（部分失败幂等恢复）
2026-10-03T10:25:02.0751360Z 
2026-10-03T10:25:02.0752086Z mu-store.integration: 33 pass / 0 fail
2026-10-03T10:25:02.0869856Z ##[group]Run node console/backend/test/mu-rbac.integration.mjs
2026-10-03T10:25:02.0870505Z [36;1mnode console/backend/test/mu-rbac.integration.mjs[0m
2026-10-03T10:25:02.0950075Z shell: /usr/bin/bash -e {0}
2026-10-03T10:25:02.0950316Z env:
2026-10-03T10:25:02.0950836Z   FXV_PG_TEST_DSN: ***127.0.0.1:5432/fxv
2026-10-03T10:25:02.0951192Z   CCHAIN_TEST_DSN: ***127.0.0.1:5432/fxv
2026-10-03T10:25:02.0951419Z   FXV_S3_ENDPOINT: http://127.0.0.1:9000
2026-10-03T10:25:02.0951637Z   FXV_S3_ACCESS_KEY: ci-minio
2026-10-03T10:25:02.0951849Z   FXV_S3_SECRET_KEY: ci-minio-secret-123456
2026-10-03T10:25:02.0952077Z   FXV_S3_BUCKET: fxv-artifacts-e2e
2026-10-03T10:25:02.0952278Z ##[endgroup]
2026-10-03T10:25:03.9615479Z   PASS  MU-A1 正式多用户模式拒绝 legacy 共享账号登录（403 legacy_login_disabled_in_multiuser）
2026-10-03T10:25:04.2911927Z   PASS  MU-A2 fixture 身份未知 → 401 identity_unknown（fail-closed 无自动注册）
2026-10-03T10:25:04.2933383Z   PASS  MU-A3 未登录 /api/mu/session → 401
2026-10-03T10:25:04.2953607Z   PASS  MU-A4 GitHub JSON 登录端点指流程序（Wave 2A：authorization-code 流程在 /start）
2026-10-03T10:25:04.2988848Z   PASS  MU-A7 fixture 登录默认关闭（未显式 MU_ALLOW_FIXTURE_LOGIN=1 → 403 fixture_login_disabled）
2026-10-03T10:25:04.3101475Z   PASS  MU-A5 bootstrap pilot 操作员经 fixture 身份登录 → platform_admin + 迁移 tenant
2026-10-03T10:25:04.3174759Z   PASS  MU-A6 会话摘要：角色/动作面（manage_membership 在列，read_code_content 不在）
2026-10-03T10:25:04.3461654Z   PASS  MU-F0 fixtures 播种端点默认关闭（403 fixtures_disabled）；tick 生产路径开放（200）
2026-10-03T10:25:04.3569760Z   PASS  MU-B1 变更方法缺 X-CSRF-Token → 403 csrf_required
2026-10-03T10:25:04.3698218Z   PASS  MU-B2 platform_admin 添加成员（contributor）→ 200
2026-10-03T10:25:04.3792252Z   PASS  MU-B3 非法角色词汇 → 400（role 篡改不可入）
2026-10-03T10:25:04.3830325Z   PASS  MU-B4 bob 登录 → contributor
2026-10-03T10:25:04.3923960Z   PASS  MU-B5 成员列表读=任意 active 成员（contributor 可读，只读视图）
2026-10-03T10:25:04.4080734Z   PASS  MU-B6 Contributor 不可管理成员（role 提权篡改 → 403 action_not_granted，零副作用）
2026-10-03T10:25:04.4211889Z   PASS  MU-B7 Contributor 不可绑定仓库 → 403
2026-10-03T10:25:04.4348855Z   PASS  MU-C0 platform_admin 可绑定仓库（Beta：PlatformAdmin 含 manage_repository_binding）→ 200
2026-10-03T10:25:04.4608108Z   PASS  MU-C1 maintainer 绑定仓库（v18 统一：直写 repository_binding，fixture 域安装）→ 200
2026-10-03T10:25:04.4707726Z   PASS  MU-C2 platform_admin 创建 tenant B（创建者自动成为 B 的 platform_admin）
2026-10-03T10:25:04.4807254Z   PASS  MU-C3 tenant 切换（B 成员身份 + 新会话 csrf）
2026-10-03T10:25:04.4934709Z   PASS  MU-C4 admin（B 会话）给 B 添加 maintainer carol
2026-10-03T10:25:04.5025117Z   PASS  MU-C5 跨 tenant 篡改 repo_id → 404 repository_not_found（tenant 收窄解析，不泄露存在性）
2026-10-03T10:25:04.5210741Z   PASS  MU-C6 请求体携带 tenant_id 不可扩大权限（仍按会话 tenant 判定）→ 403
2026-10-03T10:25:04.5353309Z   PASS  MU-C7 同 provider_repo_id 在 tenant B 独立注册（不同 repo_id）
2026-10-03T10:25:04.5521684Z   PASS  MU-C8 bob（tenant A）仓库列表零泄露 tenant B 行
2026-10-03T10:25:04.5619120Z   PASS  MU-D1 撤销 bob 成员 → 200
2026-10-03T10:25:04.5658658Z   PASS  MU-D2 撤销后 bob 既有会话立即失效（下一请求 403 membership_inactive）
2026-10-03T10:25:04.5742845Z   PASS  MU-D3 禁止自撤销（防锁死）→ 400 cannot_revoke_self
2026-10-03T10:25:04.6044920Z   PASS  MU-D4 未知/跨租户/已撤销三态同形 404（零存在性差分；carol 的 B 成员关系不受影响）
2026-10-03T10:25:04.6051250Z   PASS  MU-E1 拒绝审计在库（MU_AUTH_DENIED）且 detail 仅含 action/reason（无查询正文/凭据）
2026-10-03T10:25:04.6595512Z   PASS  MU-F1 tenant A 播种 PR #42（protection=unknown）
2026-10-03T10:25:04.6984463Z   PASS  MU-F2 tenant B 播种同 number+head PR（独立行）
2026-10-03T10:25:04.7088895Z   PASS  MU-G1 跨 tenant PR 读 → 404（tenant 收窄）
2026-10-03T10:25:04.7184401Z   PASS  MU-G2 跨 tenant 审批写 → 404
2026-10-03T10:25:04.7270889Z   PASS  MU-G3 跨 tenant 触发审查 → 404
2026-10-03T10:25:04.7356238Z   PASS  MU-G4 跨 tenant 修复 → 404
2026-10-03T10:25:04.7487151Z   PASS  MU-G5 跨 tenant 成员管理不可达（body tenant_id 被忽略 → 403，B 成员数不变）
2026-10-03T10:25:04.7583325Z   PASS  MU-H1 Contributor 不可审批
2026-10-03T10:25:04.8275877Z   PASS  MU-H2 Contributor 不可修复
2026-10-03T10:25:04.8373220Z   PASS  MU-H3 Contributor 不可触发审查（reviewer 起）
2026-10-03T10:25:04.8843091Z   PASS  MU-H4 Contributor 可读 PR/摘录/RAG（读面完整）
2026-10-03T10:25:04.8973065Z   PASS  MU-H5 Reviewer 可触发只读审查
2026-10-03T10:25:04.9072061Z   PASS  MU-H6 Reviewer 不可审批
2026-10-03T10:25:04.9169489Z   PASS  MU-H7 Auditor 不可读代码摘录
2026-10-03T10:25:04.9267344Z   PASS  MU-H8 Auditor 不可 RAG 检索
2026-10-03T10:25:04.9365092Z   PASS  MU-H9 Auditor 不可读 PR（只读审计元数据）
2026-10-03T10:25:04.9461092Z   PASS  MU-H10 Auditor 可读审计（metadata only）
2026-10-03T10:25:04.9557471Z   PASS  MU-H11 PlatformAdmin 不自动获得代码读取
2026-10-03T10:25:04.9664214Z   PASS  MU-I1 protection=unknown 的 approve → 422 cannot_conclude_mergeable（fail-closed，无合并路径）
2026-10-03T10:25:04.9780519Z   PASS  MU-I2 protection=unknown 的 reject 允许（拒绝不产生可合并结论）
2026-10-03T10:25:04.9894836Z   PASS  MU-I3 protection=known_clean 的 approve 允许（记录携带状态快照）
2026-10-03T10:25:05.0096648Z   PASS  MU-I4 frank 入队审查 + 撤销成员
2026-10-03T10:25:05.0132368Z   PASS  MU-I5 撤销后新请求拒绝（403 membership_inactive）
2026-10-03T10:25:05.0284716Z   PASS  MU-I6 已排队任务执行前复查成员关系 → 拒绝执行（零 provider 写入）
2026-10-03T10:25:05.0288664Z   PASS  MU-I7 被拒任务未产生任何审查记录
2026-10-03T10:25:05.0396144Z   PASS  MU-I8 maintainer 触发只读审查（dana）
2026-10-03T10:25:05.0852311Z   PASS  MU-I9 同 number+head 双 tenant 零共享：A 有 ai_review，B 零 ai_review 只有自己 approve
2026-10-03T10:25:05.0979417Z   PASS  MU-J1 maintainer 发起受控修复（body.binding_id 被忽略，服务端解析真 binding）
2026-10-03T10:25:05.1249213Z   PASS  MU-J2 修复执行产生 repair_record（fixture 写，零真实 GitHub）
2026-10-03T10:25:05.1459576Z   PASS  MU-J3 Binding 吊销后修复拒绝（binding_required，伪造 binding_id 不可扩大权限）
2026-10-03T10:25:05.1474199Z   PASS  MU-J4 job 表按 tenant 分区（A≥2，B=0——B 从未入队）
2026-10-03T10:25:05.1478935Z   PASS  MU-J5 同 head_sha 的 ReviewRecord 按 tenant 分组（无跨 tenant 共享行）
2026-10-03T10:25:05.1572052Z   PASS  MU-J6 App installation 仍如实未接入；OAuth start 未配置时 fail-closed（Wave 2A 语义）
2026-10-03T10:25:05.4966416Z 
2026-10-03T10:25:05.4967093Z mu-rbac.integration: 62 pass / 0 fail
2026-10-03T10:25:05.5067611Z ##[group]Run node console/backend/test/ragtrial-canonical.integration.mjs
2026-10-03T10:25:05.5068076Z [36;1mnode console/backend/test/ragtrial-canonical.integration.mjs[0m
2026-10-03T10:25:05.5123675Z shell: /usr/bin/bash -e {0}
2026-10-03T10:25:05.5123879Z env:
2026-10-03T10:25:05.5124275Z   FXV_PG_TEST_DSN: ***127.0.0.1:5432/fxv
2026-10-03T10:25:05.5124629Z   CCHAIN_TEST_DSN: ***127.0.0.1:5432/fxv
2026-10-03T10:25:05.5124890Z   FXV_S3_ENDPOINT: http://127.0.0.1:9000
2026-10-03T10:25:05.5125107Z   FXV_S3_ACCESS_KEY: ci-minio
2026-10-03T10:25:05.5125331Z   FXV_S3_SECRET_KEY: ci-minio-secret-123456
2026-10-03T10:25:05.5125562Z   FXV_S3_BUCKET: fxv-artifacts-e2e
2026-10-03T10:25:05.5125762Z ##[endgroup]
2026-10-03T10:25:15.7521141Z   PASS  SC1 scope allow（在允许清单 → 正常六状态响应）
2026-10-03T10:25:15.7553961Z   PASS  SC2 跨 repo → 403 scope_not_allowed
2026-10-03T10:25:15.7581452Z   PASS  SC3 跨 branch → 403
2026-10-03T10:25:15.7607819Z   PASS  SC4 env 撤销即时生效 → 403 scope_not_configured（默认拒绝）
2026-10-03T10:25:15.7707805Z   PASS  SC5 机器身份越权（验签通过）→ 403
2026-10-03T10:25:15.7819586Z   PASS  SC6 机器身份 allowlist 内 → 200+辅助证据
2026-10-03T10:25:15.7841007Z   PASS  SC7 拒绝审计有界封顶（cap=3；超限响应带 audit_suppressed）
2026-10-03T10:25:15.7952546Z   PASS  KR1 撤销后旧密钥签名 → 401
2026-10-03T10:25:15.8054001Z   PASS  KR2 新密钥签名 → 200
2026-10-03T10:25:15.8430610Z   PASS  MF1 合法 fixture → exit 0
2026-10-03T10:25:15.8806507Z   PASS  MF2 文件缺失 → exit 3
2026-10-03T10:25:15.9221603Z   PASS  MF3 字节数漂移（同长度内容替换→bytes 不变但 sha 变；此处改 bytes 字段模拟尺寸漂移）→ exit 3
2026-10-03T10:25:15.9604528Z   PASS  MF4 digest 漂移（同尺寸篡改）→ exit 3
2026-10-03T10:25:15.9984721Z   PASS  MF5 必需工件缺失（tokenizer 从 manifest 移除+文件删除）→ exit 3
2026-10-03T10:25:16.0357778Z   PASS  MF6 夹带多余受管文件 → exit 3
2026-10-03T10:25:16.1411195Z   PASS  WC1 双 worker 竞争：N 任务全 done、attempts 总和=N（恰一次）
2026-10-03T10:25:16.1411618Z   PASS  WC2 无重复索引（6 文档各 1 chunk）
2026-10-03T10:25:16.1437713Z   PASS  SA1 query 过 scope 层但被会话层拒 → 403 repo_not_in_allowlist + 零内容泄露
2026-10-03T10:25:16.1441497Z   PASS  SA1b 会话层拒绝落有界审计（RAG_REPO_DENIED=1）
2026-10-03T10:25:16.1456920Z   PASS  SA2 review-aux 旁路已封（CT-01 修复）→ 403 + 零 snippet/citation/doc_path
2026-10-03T10:25:16.1471257Z   PASS  SA3 eval 旁路已封（CT-01 修复）→ 403 + 响应无评测 detail（doc_path 预言机关闭）
2026-10-03T10:25:16.1484049Z   PASS  SA3b 前三次拒绝审计在界（RAG_REPO_DENIED=3，cap=3）
2026-10-03T10:25:16.1497929Z   PASS  SA4 ingest 越权 → 403 + 审计封顶标注 + 零索引副作用（documents/jobs 无行）
2026-10-03T10:25:16.1510168Z   PASS  SA5 delete 越权 → 403（授权面内 canon 文档不受影响）
2026-10-03T10:25:16.1624519Z   PASS  SA6 jobs 批量含越权 → 整批拒绝（batch_rejected=true）且零入队（含合法项）
2026-10-03T10:25:16.1682559Z   PASS  SA7 index/invalidate 跨界（模型文档仓库超出会话面）→ 403 index_op_crosses_repo_boundary 且 index_version 不变
2026-10-03T10:25:16.1707849Z   PASS  SA7b index/rollback 跨界独立回归（F-2）→ 403 同因且 index_version/documents/jobs 零变更
2026-10-03T10:25:16.1744207Z   PASS  SA8 jobs 列表按会话面过滤（WC 的 REPO 行可见、acme/rag 死信不可见）
2026-10-03T10:25:16.1768123Z   PASS  SA9 越权 job requeue → 404 unknown_job，任务保持 dead，且服务端留有界审计（不回显差异）
2026-10-03T10:25:16.1779833Z   PASS  SA9b 不存在的 job requeue → 与越权同形 404 unknown_job（F-1：零存在性差分），且不产生越权审计
2026-10-03T10:25:16.1794638Z   PASS  SA9c 已授权+存在+非 dead → 409 not_dead（job 状态语义保持，不受 F-1 影响）
2026-10-03T10:25:16.1819702Z   PASS  SA10 queue/metrics 死信明细按会话面过滤（聚合计数保留全局观测语义）
2026-10-03T10:25:16.1915546Z   PASS  SA11 机器端点不经会话层（scope 允许即放行——既有 HMAC+scope 语义未收紧）
2026-10-03T10:25:16.1923617Z   PASS  D1 /providers：deterministic 标注测试角色 + semantic 未接线如实 NOT_CONFIGURED + 脱敏注记
2026-10-03T10:25:16.5435713Z 
2026-10-03T10:25:16.5436372Z ragtrial-canonical.integration: 34 pass / 0 fail
2026-10-03T10:25:16.5529232Z ##[group]Run node console/backend/test/mu-oauth.integration.mjs
2026-10-03T10:25:16.5529840Z [36;1mnode console/backend/test/mu-oauth.integration.mjs[0m
2026-10-03T10:25:16.5586405Z shell: /usr/bin/bash -e {0}
2026-10-03T10:25:16.5586615Z env:
2026-10-03T10:25:16.5586997Z   FXV_PG_TEST_DSN: ***127.0.0.1:5432/fxv
2026-10-03T10:25:16.5587352Z   CCHAIN_TEST_DSN: ***127.0.0.1:5432/fxv
2026-10-03T10:25:16.5587571Z   FXV_S3_ENDPOINT: http://127.0.0.1:9000
2026-10-03T10:25:16.5587786Z   FXV_S3_ACCESS_KEY: ci-minio
2026-10-03T10:25:16.5588000Z   FXV_S3_SECRET_KEY: ci-minio-secret-123456
2026-10-03T10:25:16.5588225Z   FXV_S3_BUCKET: fxv-artifacts-e2e
2026-10-03T10:25:16.5588422Z ##[endgroup]
2026-10-03T10:25:19.3056525Z   PASS  OG1 providers：github configured=true + callback/scope 披露且无 client_secret 回显
2026-10-03T10:25:19.3094816Z   PASS  OG2 start：authorize_url 含 client_id/固定 callback/read:user scope
2026-10-03T10:25:19.3095668Z   PASS  OG2b state 高熵（≥43 base64url 字符 ≈ 256bit）
2026-10-03T10:25:19.3120281Z   PASS  OG3 伪造 state → 302 state_invalid
2026-10-03T10:25:19.3155669Z   PASS  OG4 未邀请身份首次合法回调 → not_invited（无公共自动注册）
2026-10-03T10:25:19.3177349Z   PASS  OG4b 同 state 重放 → state_invalid（单次消费）
2026-10-03T10:25:19.3229592Z   PASS  OG4c 独立 flow 再证未邀请拒绝（零注册）
2026-10-03T10:25:19.3305700Z   PASS  OG4d not_invited 路径零用户落库
2026-10-03T10:25:19.3511303Z   PASS  OG5 邀请创建（数字 id 绑定 + login 仅展示 + 角色 + TTL）
2026-10-03T10:25:19.3636991Z   PASS  OG5b 被邀请身份登录成功（302 /multiuser）
2026-10-03T10:25:19.3714201Z   PASS  OG5c 会话建立：身份键=数字 id（github-oauth:1002），角色=邀请角色
2026-10-03T10:25:19.3856139Z   PASS  OG6 login 改名后同身份解析同一用户（不按 login 合并/分裂）
2026-10-03T10:25:19.3908996Z   PASS  OG7 过期 flow → state_invalid
2026-10-03T10:25:19.3965995Z   PASS  OG8 callback 忽略 next/redirect_uri 注入（落地恒为 /multiuser）
2026-10-03T10:25:19.3966680Z   PASS  OG9 会话 cookie：HttpOnly + SameSite=Lax + Path=/
2026-10-03T10:25:19.4023731Z   PASS  OG9b 生产模式强制 Secure
2026-10-03T10:25:19.4164418Z   PASS  OG10 服务重启后会话可恢复（DB 持久化；新进程验证旧 cookie）
2026-10-03T10:25:19.4374838Z   PASS  OG11 成员撤权后既有会话立即失效（403 membership_inactive，会话存续≠权限存续）
2026-10-03T10:25:19.4554047Z   PASS  OG12 logout 撤销会话（后续 401）
2026-10-03T10:25:19.4736212Z   PASS  OG12b revoke-all 清全部会话（两个会话均 401；platform 审计在库）
2026-10-03T10:25:19.5001980Z   PASS  OG13 跨租户邀请（B 租户绑定数字 id 1003）
2026-10-03T10:25:19.5233945Z   PASS  OG13b subject 数字 id 邀请认领成功（1003/alice → B 租户 contributor）
2026-10-03T10:25:19.5353422Z   PASS  OG13c 跨租户边界：alice3 仅 B 会员（default 零会员；A 仓库面空）
2026-10-03T10:25:19.5829546Z   PASS  OG14 code 交换失败 → oauth_exchange_failed（fail-closed，不建用户）
2026-10-03T10:25:19.5840736Z   PASS  OG15 platform 审计仅含白名单 kind（STARTED/CONSUMED/REJECTED/REVOKED/REVOKED_ALL）
2026-10-03T10:25:19.5857595Z   PASS  OG16 数据库零明文：session/oauth_flow 无 access_token/state 明文（列全为 *_hash）
2026-10-03T10:25:19.5980001Z   PASS  OG16b schema 无明文承载列（仅 token_hash/state_hash）
2026-10-03T10:25:19.5998567Z   PASS  OG17 邀请单次消费（已认领不可复用）
2026-10-03T10:25:19.6030828Z   PASS  CR1 无 correlation cookie（跨浏览器/清 cookie）→ state_invalid
2026-10-03T10:25:19.6071232Z   PASS  CR2 correlation 错配（他流 cookie）→ state_invalid
2026-10-03T10:25:19.6150232Z   PASS  CR3 corr cookie 跨流不可复用（一次性语义）
2026-10-03T10:25:19.6200219Z   PASS  CR4 失败路径清理 correlation cookie（Max-Age=0）
2026-10-03T10:25:19.6245115Z   PASS  CR5 login-only 邀请创建被拒（API 强制 expected_subject）
2026-10-03T10:25:19.6287135Z   PASS  CR5b 存量 login-only 邀请不可认领（fail-closed；login 完全匹配也拒）
2026-10-03T10:25:19.6289838Z   PASS  CR5c 认领尝试零用户落库
2026-10-03T10:25:19.6346689Z   PASS  CR6 数字 id 邀请创建（login 仅展示）
2026-10-03T10:25:19.6465642Z   PASS  CR6b subject 命中即认领（login 不同不影响；撞名 handle 持有者不可冒领）
2026-10-03T10:25:19.6501207Z   PASS  CR6c id 不匹配的撞名 handle 不可认领（not_invited）
2026-10-03T10:25:19.6550759Z   PASS  CR7 并发消费前置邀请
2026-10-03T10:25:19.6768613Z   PASS  CR7b 并发认领恰好一次建户（第二路 no_active_membership/not_invited）
2026-10-03T10:25:19.6798394Z   PASS  CR8 失败 Location 零泄露（无 state/corr/用户/tenant 原值）
2026-10-03T10:25:19.6807848Z   PASS  OG18 legacy 共享账号登录在多用户模式仍被拒（403）
2026-10-03T10:25:20.3024979Z 
2026-10-03T10:25:20.3026079Z mu-oauth.integration: 42 pass / 0 fail
2026-10-03T10:25:20.3121473Z ##[group]Run node console/backend/test/mu-ghapp.integration.mjs
2026-10-03T10:25:20.3122105Z [36;1mnode console/backend/test/mu-ghapp.integration.mjs[0m
2026-10-03T10:25:20.3178421Z shell: /usr/bin/bash -e {0}
2026-10-03T10:25:20.3178624Z env:
2026-10-03T10:25:20.3179013Z   FXV_PG_TEST_DSN: ***127.0.0.1:5432/fxv
2026-10-03T10:25:20.3179362Z   CCHAIN_TEST_DSN: ***127.0.0.1:5432/fxv
2026-10-03T10:25:20.3179583Z   FXV_S3_ENDPOINT: http://127.0.0.1:9000
2026-10-03T10:25:20.3179797Z   FXV_S3_ACCESS_KEY: ci-minio
2026-10-03T10:25:20.3180010Z   FXV_S3_SECRET_KEY: ci-minio-secret-123456
2026-10-03T10:25:20.3180235Z   FXV_S3_BUCKET: fxv-artifacts-e2e
2026-10-03T10:25:20.3180429Z ##[endgroup]
2026-10-03T10:25:23.0815418Z   PASS  GA1 app/status（maintainer）：configured + 权限/事件清单只读
2026-10-03T10:25:23.0877407Z   PASS  GA1b contributor 不可访问（403）
2026-10-03T10:25:23.0889232Z   PASS  GA1c 未登录 401
2026-10-03T10:25:23.1001846Z   PASS  GA2 install/start 缺 CSRF → 403
2026-10-03T10:25:23.1074402Z   PASS  GA2b 非 maintainer → 403
2026-10-03T10:25:23.1231611Z   PASS  GA2c install/start（maintainer+CSRF）：install_url+state+corr cookie
2026-10-03T10:25:23.1290081Z   PASS  GA2d 伪造 state → ghapp_error=state_invalid
2026-10-03T10:25:23.1486350Z   PASS  GA2e 无 correlation（跨浏览器）→ state_invalid
2026-10-03T10:25:23.1871524Z   PASS  GA2f 合法安装回调 → 302 /multiuser + installation 落库（tenant=A）
2026-10-03T10:25:23.2053511Z   PASS  GA2g 伪造 installation_id（API 不可读）→ installation_unreadable 且零落库
2026-10-03T10:25:23.2107733Z   PASS  GA3 installations 列表（本租户）
2026-10-03T10:25:23.2156828Z   PASS  GA3b 授权仓库列表（服务端经 adapter 重读）
2026-10-03T10:25:23.2202056Z   PASS  GA3c 未知 installation → 404 installation_not_found（同因不泄露）
2026-10-03T10:25:23.2254969Z   PASS  GA4 未知 repo_id → 404 repository_not_found
2026-10-03T10:25:23.2583468Z   PASS  GA4b 合法绑定（repo 在授权列表）→ 200 + binding active
2026-10-03T10:25:23.2637406Z   PASS  GA4c 未授权 repo id → 404 repository_not_authorized（服务端列表核验，不信任客户端）
2026-10-03T10:25:23.2777974Z   PASS  GA4d owner/name 改名不产生第二逻辑仓库（numeric id 稳定键）
2026-10-03T10:25:23.3904723Z   PASS  GA4e 跨租户同 repo 绑定被拒（409 repository_already_bound，不泄露对方租户）
2026-10-03T10:25:23.4665292Z   PASS  GA4f B 用他租户 installation 视角 → repository_not_authorized（7002 列表无 4242/9002 属 A 流）
2026-10-03T10:25:23.4695262Z   PASS  GA5 缺签名 → 401
2026-10-03T10:25:23.6664124Z   PASS  GA5b 错签名 → 401
2026-10-03T10:25:23.6688647Z   PASS  GA5c body 篡改后签名失效 → 401
2026-10-03T10:25:23.6860940Z   PASS  GA5d 正确签名 → 200 + delivery processed + event_sync 入队（tenant/repo 已解析）
2026-10-03T10:25:23.6879338Z   PASS  GA5e 重复 delivery → 200 duplicate，不重复入队
2026-10-03T10:25:23.6898765Z   PASS  GA5f 未知 installation 事件被忽略（200 ignored）
2026-10-03T10:25:23.6955011Z   PASS  GA6 installation suspend → installation.suspended_at 非空 + 相关 binding suspended
2026-10-03T10:25:23.7003776Z   PASS  GA6b suspended installation 拒绝新绑定（409）
2026-10-03T10:25:23.7353462Z   PASS  GA6c repository_removed → binding revoked（error_code=repository_removed）
2026-10-03T10:25:23.7398249Z   PASS  GA6d installation deleted → installation.revoked_at + 全部 binding revoked
2026-10-03T10:25:23.7452586Z   PASS  GA7 撤权后既有 session → 403 membership_inactive
2026-10-03T10:25:23.7462477Z   PASS  GA8 跨租 installation 绑定被复合 FK 拒绝（A tenant + B installation）
2026-10-03T10:25:23.7529970Z   PASS  GA8b 同租重复 (tenant, repo) 绑定被 UNIQUE 拒绝
2026-10-03T10:25:23.7556372Z   PASS  GA9 错误 body 零敏感信息（无 secret/key/原始响应）
2026-10-03T10:25:23.7684898Z   PASS  GA11 安装 flow 被登录 callback 使用 → state_invalid（purpose 隔离）
2026-10-03T10:25:23.7901245Z   PASS  ES0 event_sync 入队（合法 binding/active）
2026-10-03T10:25:23.8506724Z   PASS  ES1 event_sync 成功执行（不再被 getMembership(null) 拒绝；PR 快照落库）
2026-10-03T10:25:23.8517553Z   PASS  ES2 审计=system actor（NULL）+tenant/repo/installation+delivery 前 8 位（无完整 payload）
2026-10-03T10:25:23.8867358Z   PASS  ES3 重试/重复消费幂等（PR 行唯一；审计各一条）
2026-10-03T10:25:23.9120639Z   PASS  ES4 revoked binding 双闸：入队闸零 job（d-es-3 无行）+ 执行闸 worker 复查拒绝（d-es-3w rejected）
2026-10-03T10:25:23.9365594Z   PASS  ES5 suspended installation → event_sync 拒绝（PR 45 零落库）
2026-10-03T10:25:23.9713417Z   PASS  ES6 跨 tenant 伪造 job（B tenant 引 A repo+installation）→ mismatch 拒绝零落库
2026-10-03T10:25:23.9866135Z   PASS  ES7 语义区分：缺 installation_id=fail-closed rejected；合法 context 未支持 kind=dead-letter failed
2026-10-03T10:25:24.0160509Z   PASS  ES8 人工 job 执行前撤权仍拒绝（修复不放松人工路径）
2026-10-03T10:25:24.0740345Z   PASS  ES9 生产路径（无 MU_FIXTURES）：event_sync 被消费（PR 47 落库）；人工 job 原样 queued
2026-10-03T10:25:24.0780899Z   PASS  GA12 app/status configured=true（slug 在位）
2026-10-03T10:25:24.0909719Z   PASS  GA12b install_url 使用配置 slug（mergepilot-e2e-test-app），旧 slug 零出现
2026-10-03T10:25:24.0945663Z   PASS  GA12c 缺 MU_GITHUB_APP_SLUG → 503 github_app_slug_not_configured（fail-closed）
2026-10-03T10:25:24.1016233Z   PASS  GA10 migration v6 幂等重放（含存量行）
2026-10-03T10:25:24.4329197Z 
2026-10-03T10:25:24.4329832Z mu-ghapp.integration: 48 pass / 0 fail
2026-10-03T10:25:24.4435745Z ##[group]Run node console/backend/test/mu-llm-w31.integration.mjs
2026-10-03T10:25:24.4436310Z [36;1mnode console/backend/test/mu-llm-w31.integration.mjs[0m
2026-10-03T10:25:24.4491765Z shell: /usr/bin/bash -e {0}
2026-10-03T10:25:24.4491976Z env:
2026-10-03T10:25:24.4492372Z   FXV_PG_TEST_DSN: ***127.0.0.1:5432/fxv
2026-10-03T10:25:24.4492734Z   CCHAIN_TEST_DSN: ***127.0.0.1:5432/fxv
2026-10-03T10:25:24.4493176Z   FXV_S3_ENDPOINT: http://127.0.0.1:9000
2026-10-03T10:25:24.4493412Z   FXV_S3_ACCESS_KEY: ci-minio
2026-10-03T10:25:24.4493634Z   FXV_S3_SECRET_KEY: ci-minio-secret-123456
2026-10-03T10:25:24.4493872Z   FXV_S3_BUCKET: fxv-artifacts-e2e
2026-10-03T10:25:24.4494076Z ##[endgroup]
2026-10-03T10:25:24.4841345Z   PASS  W1a 默认 disabled
2026-10-03T10:25:24.4841818Z   PASS  W1b disabled 显式
2026-10-03T10:25:24.4842377Z   PASS  W1c 未知 provider → disabled+reason
2026-10-03T10:25:24.4843042Z   PASS  W1d 非法配置 fail-closed（缺字段）
2026-10-03T10:25:24.4843759Z   PASS  W1d 非法配置 fail-closed（非 HTTPS）
2026-10-03T10:25:24.4844300Z   PASS  W1d 非法配置 fail-closed（placeholder）
2026-10-03T10:25:24.4845539Z   PASS  W1e 合法配置解析
2026-10-03T10:25:24.4847596Z   PASS  W1f disabled 语义不外调（此处显式禁用态调用属调用方错误——校验层在 service）
2026-10-03T10:25:24.4848136Z   PASS  W1g 全程未触网络（disabled/misconfigured 场景）
2026-10-03T10:25:24.4860712Z   PASS  W2a 正常输出过 schema
2026-10-03T10:25:24.4861167Z   PASS  W2b system 固定、用户输入仅入 untrusted_data
2026-10-03T10:25:24.4861627Z   PASS  W2c diff hunk 已打码（无原始 secret）
2026-10-03T10:25:24.4862048Z   PASS  W2d 出站不含 webhook/租户/用户字段
2026-10-03T10:25:24.4862425Z   PASS  W2e 载荷 ≤24KiB
2026-10-03T10:25:24.4862996Z   PASS  W2f API key 只在 Authorization 头（不在 body/返回值）
2026-10-03T10:25:24.4865246Z   PASS  W3 timeout → LLM_TIMEOUT（实际 LLM_TIMEOUT）
2026-10-03T10:25:24.4867209Z   PASS  W3 net → LLM_UNAVAILABLE（实际 LLM_UNAVAILABLE）
2026-10-03T10:25:24.4868215Z   PASS  W3 429 → LLM_RATE_LIMITED（实际 LLM_RATE_LIMITED）
2026-10-03T10:25:24.4869254Z   PASS  W3 500 → LLM_SERVER_ERROR（实际 LLM_SERVER_ERROR）
2026-10-03T10:25:24.4870111Z   PASS  W3 401 → LLM_HTTP_401（实际 LLM_HTTP_401）
2026-10-03T10:25:24.4877684Z   PASS  W3 badjson → LLM_INVALID_JSON（实际 LLM_INVALID_JSON）
2026-10-03T10:25:24.4879800Z   PASS  W3 oversize → LLM_OUTPUT_OVERSIZE（实际 LLM_OUTPUT_OVERSIZE）
2026-10-03T10:25:24.4882730Z   PASS  W3 schema → LLM_SCHEMA_INVALID（实际 LLM_SCHEMA_INVALID）
2026-10-03T10:25:24.4885165Z   PASS  W3 forbidden-key → LLM_FORBIDDEN_CONTENT（实际 LLM_FORBIDDEN_CONTENT）
2026-10-03T10:25:24.4888352Z   PASS  W3 forbidden-rec → LLM_FORBIDDEN_CONTENT（实际 LLM_FORBIDDEN_CONTENT）
2026-10-03T10:25:24.4889242Z   PASS  W3b 真超时稳定失败
2026-10-03T10:25:24.4891915Z   PASS  W4 超限载荷降级（hunks 丢/截断后 ≤ 限）
2026-10-03T10:25:24.4893442Z   PASS  W5 deterministic_mock 零网络结构化输出
2026-10-03T10:25:27.0123619Z   PASS  W6a 默认 disabled：零 LLM attempt、deterministic 正常
2026-10-03T10:25:27.0249960Z   PASS  W6b mock LLM finding 落库（LLM-* 前缀）
2026-10-03T10:25:27.0251059Z   PASS  W6c LLM attempt 记 digest/model 零正文
2026-10-03T10:25:27.0346708Z   PASS  W6d LLM 429 → attempt FAILED(code) 管线不阻断
2026-10-03T10:25:27.0347586Z   PASS  W6d2 deterministic 结果保留（fail-closed 回落）
2026-10-03T10:25:27.0959499Z   PASS  W6e key/prompt/原始 secret 全库零泄漏
2026-10-03T10:25:27.4189767Z 
2026-10-03T10:25:27.4190391Z 34 pass, 0 fail
2026-10-03T10:25:27.4264009Z ##[group]Run node console/backend/test/mu-policy-w32.integration.mjs
2026-10-03T10:25:27.4264531Z [36;1mnode console/backend/test/mu-policy-w32.integration.mjs[0m
2026-10-03T10:25:27.4319077Z shell: /usr/bin/bash -e {0}
2026-10-03T10:25:27.4319367Z env:
2026-10-03T10:25:27.4319954Z   FXV_PG_TEST_DSN: ***127.0.0.1:5432/fxv
2026-10-03T10:25:27.4320401Z   CCHAIN_TEST_DSN: ***127.0.0.1:5432/fxv
2026-10-03T10:25:27.4320796Z   FXV_S3_ENDPOINT: http://127.0.0.1:9000
2026-10-03T10:25:27.4321157Z   FXV_S3_ACCESS_KEY: ci-minio
2026-10-03T10:25:27.4321490Z   FXV_S3_SECRET_KEY: ci-minio-secret-123456
2026-10-03T10:25:27.4321837Z   FXV_S3_BUCKET: fxv-artifacts-e2e
2026-10-03T10:25:27.4322135Z ##[endgroup]
2026-10-03T10:25:30.3930665Z [mu] schema init failed: duplicate key value violates unique constraint "pg_type_typname_nsp_index"
2026-10-03T10:25:30.7040593Z   PASS  W1a migration v11 应用
2026-10-03T10:25:30.7044671Z   PASS  W1b 默认 deterministic_only + disabled
2026-10-03T10:25:30.7115234Z   PASS  W1c 重复迁移零重复行
2026-10-03T10:25:30.7323283Z   PASS  W1d 回滚→重放自愈（默认行重建）
2026-10-03T10:25:30.7919957Z   PASS  W2a GET 返回策略+脱敏 deploy 状态
2026-10-03T10:25:30.8022341Z   PASS  W2b 无 confirm 拒绝
2026-10-03T10:25:30.8171170Z   PASS  W2c PUT 成功且版本 +1
2026-10-03T10:25:30.8294553Z   PASS  W2d env 缺失 + 策略启用 → fail-closed 状态
2026-10-03T10:25:30.8427933Z   PASS  W3 旧版本 CAS 冲突 → 409 + 当前版本
2026-10-03T10:25:30.8546978Z   PASS  W4 模型不在白名单 拒绝（model_not_allowed）
2026-10-03T10:25:30.8861835Z   PASS  W4 模型形状非法 拒绝（model_shape_invalid）
2026-10-03T10:25:30.9009700Z   PASS  W4 超时下越界 拒绝（timeout_out_of_range）
2026-10-03T10:25:30.9147762Z   PASS  W4 超时上越界 拒绝（timeout_out_of_range）
2026-10-03T10:25:30.9380148Z   PASS  W4 tokens 下越界 拒绝（tokens_out_of_range）
2026-10-03T10:25:30.9467164Z   PASS  W4 provider 非白名单 拒绝（provider_not_allowed）
2026-10-03T10:25:30.9561797Z   PASS  W4 mode 非法 拒绝（mode_invalid）
2026-10-03T10:25:30.9648014Z   PASS  W4 凭据字段 拒绝（empty_patch）
2026-10-03T10:25:30.9731931Z   PASS  W4 endpoint 字段 拒绝（empty_patch）
2026-10-03T10:25:30.9971568Z   PASS  W5 maintainer GET/PUT 均 403
2026-10-03T10:25:31.0375365Z   PASS  W5 reviewer GET/PUT 均 403
2026-10-03T10:25:31.0732354Z   PASS  W5 contributor GET/PUT 均 403
2026-10-03T10:25:31.1182601Z   PASS  W5 auditor GET/PUT 均 403
2026-10-03T10:25:31.1305826Z   PASS  W6 缺 CSRF → 403
2026-10-03T10:25:31.1492741Z   PASS  W7 env 缺失：零 LLM attempt + 如实 reason + deterministic 完成
2026-10-03T10:25:31.1493459Z   PASS  W7b run 快照列冻结（v2 + llm_assist）
2026-10-03T10:25:31.1498348Z   PASS  W8a 策略更新到 v3
2026-10-03T10:25:31.1571545Z   PASS  W8b 新 run 冻结新版本（v3 + deterministic_only）
2026-10-03T10:25:31.1575522Z   PASS  W8c 旧 run 快照不被改写（仍 v2）
2026-10-03T10:25:31.1582517Z   PASS  W9 审计只含策略字段（无 env/凭据/URL）
2026-10-03T10:25:31.1608178Z   PASS  W10 agent_policy 零凭据形状列
2026-10-03T10:25:31.6287355Z 
2026-10-03T10:25:31.6288011Z 30 pass, 0 fail
2026-10-03T10:25:31.6405793Z ##[group]Run node console/backend/test/mu-agentteams-w33.integration.mjs
2026-10-03T10:25:31.6406520Z [36;1mnode console/backend/test/mu-agentteams-w33.integration.mjs[0m
2026-10-03T10:25:31.6487215Z shell: /usr/bin/bash -e {0}
2026-10-03T10:25:31.6487467Z env:
2026-10-03T10:25:31.6487888Z   FXV_PG_TEST_DSN: ***127.0.0.1:5432/fxv
2026-10-03T10:25:31.6488261Z   CCHAIN_TEST_DSN: ***127.0.0.1:5432/fxv
2026-10-03T10:25:31.6488488Z   FXV_S3_ENDPOINT: http://127.0.0.1:9000
2026-10-03T10:25:31.6488702Z   FXV_S3_ACCESS_KEY: ci-minio
2026-10-03T10:25:31.6488911Z   FXV_S3_SECRET_KEY: ci-minio-secret-123456
2026-10-03T10:25:31.6489139Z   FXV_S3_BUCKET: fxv-artifacts-e2e
2026-10-03T10:25:31.6489338Z ##[endgroup]
2026-10-03T10:25:31.7018581Z   PASS  W1a 未配置 → rejected fail-closed
2026-10-03T10:25:31.7019347Z   PASS  W1b 未知值 → rejected
2026-10-03T10:25:31.7019823Z   PASS  W1c internal 无显式降级开关 → rejected
2026-10-03T10:25:31.7020207Z   PASS  W1c2 非法 scope → rejected
2026-10-03T10:25:31.7020842Z   PASS  W1c3 三个合法 scope 均放行
2026-10-03T10:25:31.7021216Z   PASS  W1d agentteams 缺 token → rejected
2026-10-03T10:25:31.7021550Z   PASS  W1e 非 http(s) URL → rejected
2026-10-03T10:25:31.7022392Z   PASS  W1f 合法配置（runtime/model 可配）
2026-10-03T10:25:31.7024037Z   PASS  W1g rejected 健康检查零网络+透传 reason
2026-10-03T10:25:31.7026996Z   PASS  W1h 执行器摘要三态（脱敏）
2026-10-03T10:25:31.7031786Z   PASS  W2 health=401 → AT_AUTH_FAILED
2026-10-03T10:25:31.7032287Z   PASS  W2 health=403 → AT_AUTH_FAILED
2026-10-03T10:25:31.7032735Z   PASS  W2 health=500 → AT_HTTP_500
2026-10-03T10:25:31.7034500Z   PASS  W2d 断连 → AT_UNREACHABLE
2026-10-03T10:25:31.7042662Z   PASS  W3a 已存在四 Agent → PUT 对齐成功（零新建）
2026-10-03T10:25:31.7043375Z   PASS  W3b 恰好 leader/reviewer/fixer/verifier 四名
2026-10-03T10:25:31.7044594Z   PASS  W3c 零暴露端口/零 MCP/零凭据字段
2026-10-03T10:25:31.7045098Z   PASS  W3c2 runtime/model 来自部署配置（非写死 qwenpaw）
2026-10-03T10:25:31.7047816Z   PASS  W3d 空集群 → POST 创建四具名 Agent（name 顶层）
2026-10-03T10:25:31.7048374Z   PASS  W3e worker 写入被拒 → 稳定 reason
2026-10-03T10:25:31.7051428Z   PASS  W3f 列表缺一名 → POST 自愈后复查通过
2026-10-03T10:25:31.7054009Z   PASS  W3g 假成功（POST 201 但列表不出现）→ AT_WORKERS_INCOMPLETE fail-closed
2026-10-03T10:25:31.7059973Z   PASS  W4a 提交成功（项目+四任务 DAG）
2026-10-03T10:25:31.7060449Z   PASS  W4b 任务载荷零原始 secret/零 diff/零多余字段
2026-10-03T10:25:31.7060913Z   PASS  W4c 载荷只含 untrusted_findings 白名单
2026-10-03T10:25:31.7061503Z   PASS  W5 verifier PASS 合法
2026-10-03T10:25:31.7061913Z   PASS  W5b verifier 非法 verdict 拒
2026-10-03T10:25:31.7062298Z   PASS  W5c verifier 越权字段拒
2026-10-03T10:25:31.7062646Z   PASS  W5d fixer 合法
2026-10-03T10:25:31.7063226Z   PASS  W5e fixer git push 拒
2026-10-03T10:25:31.7063628Z   PASS  W5f reviewer findings 白名单
2026-10-03T10:25:31.7063943Z   PASS  W5g leader 仅 recommendation/confidence
2026-10-03T10:25:31.7064218Z   PASS  W5h 未知角色拒
2026-10-03T10:25:31.7066391Z   PASS  W6a 全终态轮询成功
2026-10-03T10:25:34.7102823Z   PASS  W6b 轮询超时稳定失败
2026-10-03T10:25:34.7104609Z   PASS  W6c 取消幂等（200/409 均可）
2026-10-03T10:25:38.2100114Z   PASS  W7a migration v12 应用
2026-10-03T10:25:38.4978002Z   DEBUG rExt= {"ok":true,"stage":"at_verified","verdict":"PASS","decision":"completed","executor":"agentteams"}
2026-10-03T10:25:38.4978761Z   PASS  W7b 外部轮次完成（executor=agentteams）
2026-10-03T10:25:38.4981745Z   PASS  W7c MergePilot Leader 终裁 COMPLETED（服务端复核）
2026-10-03T10:25:38.4986339Z   PASS  W7d 四角色 attempt 记 agentteams provider（reviewer/leader/fixer/verifier）
2026-10-03T10:25:38.4989714Z   PASS  W7e 外部 Fixer 仅 DRY_RUN 建议（不应用）
2026-10-03T10:25:38.5516730Z   PASS  W7f token/原始 secret/任务正文全库零泄漏
2026-10-03T10:25:38.5677138Z   PASS  W8a 未配置 → 拒绝（stage/reason）+ 零外部请求
2026-10-03T10:25:38.5677948Z   PASS  W8b run 停留 FIX_QUEUED（可恢复）且零 fix_attempt（不冒充执行）
2026-10-03T10:25:38.5678460Z   PASS  W8c 审计记 executor_gate_rejected
2026-10-03T10:25:38.5837066Z   PASS  W8d 健康失败（401）→ fail-closed 不回退 internal
2026-10-03T10:25:39.3271494Z   PASS  W9a 显式 internal（test scope）：零外部请求 + 子进程路径照常
2026-10-03T10:25:39.3272080Z   PASS  W9b internal 轮次审计标注 scope
2026-10-03T10:25:40.1904302Z 
2026-10-03T10:25:40.1904854Z 48 pass, 0 fail
2026-10-03T10:25:40.1974526Z ##[group]Run node console/backend/test/mu-matrix-w34.integration.mjs
2026-10-03T10:25:40.1974918Z [36;1mnode console/backend/test/mu-matrix-w34.integration.mjs[0m
2026-10-03T10:25:40.2029650Z shell: /usr/bin/bash -e {0}
2026-10-03T10:25:40.2029854Z env:
2026-10-03T10:25:40.2030233Z   FXV_PG_TEST_DSN: ***127.0.0.1:5432/fxv
2026-10-03T10:25:40.2030584Z   CCHAIN_TEST_DSN: ***127.0.0.1:5432/fxv
2026-10-03T10:25:40.2030806Z   FXV_S3_ENDPOINT: http://127.0.0.1:9000
2026-10-03T10:25:40.2031018Z   FXV_S3_ACCESS_KEY: ci-minio
2026-10-03T10:25:40.2031227Z   FXV_S3_SECRET_KEY: ci-minio-secret-123456
2026-10-03T10:25:40.2031453Z   FXV_S3_BUCKET: fxv-artifacts-e2e
2026-10-03T10:25:40.2031654Z ##[endgroup]
2026-10-03T10:25:40.2532345Z   PASS  M1a Matrix 未配置 → rejected fail-closed
2026-10-03T10:25:40.2534186Z   PASS  M1b 非 http URL → rejected
2026-10-03T10:25:40.2535028Z   PASS  M1c 合法配置
2026-10-03T10:25:40.2535942Z   PASS  M2a 信封含 @mention+marker+DATA 内联+输出契约（无元数据括号）
2026-10-03T10:25:40.2536486Z   PASS  M2b marker 可派生
2026-10-03T10:25:40.2536865Z   PASS  M2c 信封不含凭据形状字段名
2026-10-03T10:25:40.2537267Z   PASS  M2d 无可回显的外层 JSON 包装（实测防回显）
2026-10-03T10:25:40.2539405Z   PASS  M3a 提取末尾完整对象（跳过 code fence）
2026-10-03T10:25:40.2539821Z   PASS  M3b 无 JSON → null
2026-10-03T10:25:40.2541693Z   PASS  M3c 前导噪声中提取
2026-10-03T10:25:40.2554470Z   PASS  M4a 发送成功（event 非 null）
2026-10-03T10:25:40.2555053Z   PASS  M4b 幂等：同 submissionId → 同 txnId（Matrix PUT txn 语义）
2026-10-03T10:25:40.2555969Z   PASS  M4c 重试轮（新 submissionId）→ 新 txnId
2026-10-03T10:25:40.2560032Z   PASS  M5a 收集合法回复（marker+sender+room 绑定）
2026-10-03T10:25:41.7563132Z   PASS  M5b 错误 sender 消息被忽略（超时拒绝）
2026-10-03T10:25:43.2572659Z   PASS  M5c 过期 ts（时间窗外）回复被忽略（重放拒绝语义）
2026-10-03T10:25:44.7582652Z   PASS  M5d 其他 room 的消息不可见（固定 room 绑定）
2026-10-03T10:25:44.7584627Z   PASS  M6a token 过期 → 自动重登一次并完成发送
2026-10-03T10:25:44.7584956Z   PASS  M6b 登录持续失败 → 稳定 reason（fail-closed）
2026-10-03T10:25:45.9592035Z   PASS  M7 收集超时 → MT_REPLY_TIMEOUT（不伪造）
2026-10-03T10:25:55.9608976Z   PASS  M7a 挂起 fetch（服务 SIGSTOP 类）→ 登录稳定超时 reason
2026-10-03T10:26:05.9646593Z   PASS  M7c 超时触发 AbortController（真取消，非仅 race 返回）
2026-10-03T10:26:15.9703727Z   PASS  M7d 迟到响应被丢弃（不写缓存/不返回迟到值）
2026-10-03T10:26:25.9783348Z   PASS  M7e 发送路径挂起 → MT_SEND_*（TIMEOUT/UNREACHABLE 稳定族）
2026-10-03T10:26:35.9812697Z   PASS  M7b 挂起读取 → 稳定超时 reason（不挂死）
2026-10-03T10:26:38.3484307Z   PASS  P1a Matrix 未配置 → gate 拒绝（MT_NOT_CONFIGURED）
2026-10-03T10:26:38.3484826Z   PASS  P1b run 停留 FIX_QUEUED+零 fix_attempt+审计
2026-10-03T10:26:38.3786080Z   PASS  P2a 四角色 Matrix 轮次完成（executor=agentteams）
2026-10-03T10:26:38.3786688Z   PASS  P2b 终裁 COMPLETED
2026-10-03T10:26:38.3789810Z   PASS  P2c fixer/verifier attempt provider=agentteams
2026-10-03T10:26:38.3790487Z   PASS  P2c2 reviewer/leader attempt 行 DONE+digest（四 Agent 全可见）
2026-10-03T10:26:38.3795215Z   PASS  P2d 外部 Fixer 仅 DRY_RUN
2026-10-03T10:26:38.3798899Z   PASS  P2e 轮次完成审计摘要（无正文）
2026-10-03T10:26:40.4167464Z   PASS  P3 首条回复丢失 → 第二轮（attemptNo=2）成功
2026-10-03T10:26:40.4430336Z   PASS  P4 verifier FAIL → REWORK_REQUIRED（独立判定语义）
2026-10-03T10:26:40.4666700Z   PASS  P5a schema 两轮无效 → mt_round_failed 死信+BLOCKED（不伪造/不回退）
2026-10-03T10:26:40.4667159Z   PASS  P5b 失败角色=fixer
2026-10-03T10:26:40.4673532Z   PASS  P5b2 后续角色失败时预领取角色一并 FAILED（零 RUNNING 残留）
2026-10-03T10:26:44.5218292Z   PASS  P6 伪造 sender 回复被拒 → MT_REPLY_TIMEOUT 死信
2026-10-03T10:26:44.5861001Z   PASS  P7 凭据/信封/原始 secret 全库零泄漏
2026-10-03T10:26:44.9026005Z 
2026-10-03T10:26:44.9026561Z 40 pass, 0 fail
2026-10-03T10:26:44.9131127Z ##[group]Run node console/backend/test/mu-purify-w37.integration.mjs
2026-10-03T10:26:44.9131546Z [36;1mnode console/backend/test/mu-purify-w37.integration.mjs[0m
2026-10-03T10:26:44.9186250Z shell: /usr/bin/bash -e {0}
2026-10-03T10:26:44.9186470Z env:
2026-10-03T10:26:44.9186873Z   FXV_PG_TEST_DSN: ***127.0.0.1:5432/fxv
2026-10-03T10:26:44.9187233Z   CCHAIN_TEST_DSN: ***127.0.0.1:5432/fxv
2026-10-03T10:26:44.9187473Z   FXV_S3_ENDPOINT: http://127.0.0.1:9000
2026-10-03T10:26:44.9187729Z   FXV_S3_ACCESS_KEY: ci-minio
2026-10-03T10:26:44.9187952Z   FXV_S3_SECRET_KEY: ci-minio-secret-123456
2026-10-03T10:26:44.9188194Z   FXV_S3_BUCKET: fxv-artifacts-e2e
2026-10-03T10:26:44.9188413Z ##[endgroup]
2026-10-03T10:26:47.1549458Z   PASS  P1b-1 attempt_id BIGINT→TEXT
2026-10-03T10:26:47.1549902Z   PASS  P1b-2 state_detail TEXT→JSONB
2026-10-03T10:26:47.1550419Z   PASS  P1b-3 payload TEXT→JSONB（旧 text payload 兼容）
2026-10-03T10:26:47.1556448Z   PASS  P1b-4 text→jsonb 逐行容错（合法保留/非法→{}/空串→{}）
2026-10-03T10:26:47.1557037Z   PASS  P1b-4b payload 转换同步成立（合法 JSON 保留）
2026-10-03T10:26:47.1559935Z   PASS  P1b-5 fxv.audit_events 补齐（读路径依赖）
2026-10-03T10:26:49.5858522Z   PASS  P1c-1 fresh DB 迁移不抢建 fxv 主表（DDL 单一权威=fxv store）
2026-10-03T10:26:49.5940511Z   PASS  P1c-2 fresh DB fxvMetrics=FXV_PERSISTENCE_ABSENT capability（非错误态）
2026-10-03T10:26:49.6148741Z   PASS  P1d 回滚重放幂等（v13 重放后仍 JSONB）
2026-10-03T10:26:49.7431874Z   PASS  P2 /api/overview 零 legacy 哨兵
2026-10-03T10:26:49.7432562Z   PASS  P4 /api/overview data_source=MU_CANONICAL_LIVE + as_of + schema_version
2026-10-03T10:26:49.7486844Z   PASS  P2 /api/pulls 零 legacy 哨兵
2026-10-03T10:26:49.7487259Z   PASS  P4 /api/pulls data_source=MU_CANONICAL_LIVE + as_of + schema_version
2026-10-03T10:26:49.7537574Z   PASS  P2 /api/pending 零 legacy 哨兵
2026-10-03T10:26:49.7538286Z   PASS  P4 /api/pending data_source=MU_CANONICAL_LIVE + as_of + schema_version
2026-10-03T10:26:49.7573227Z   PASS  P2 /api/tickets 零 legacy 哨兵
2026-10-03T10:26:49.7573931Z   PASS  P4 /api/tickets data_source=MU_CANONICAL_LIVE + as_of + schema_version
2026-10-03T10:26:49.7609376Z   PASS  P2 /api/evidence 零 legacy 哨兵
2026-10-03T10:26:49.7609990Z   PASS  P4 /api/evidence data_source=MU_CANONICAL_LIVE + as_of + schema_version
2026-10-03T10:26:49.7662074Z   PASS  P2 /api/audit 零 legacy 哨兵
2026-10-03T10:26:49.7662638Z   PASS  P4 /api/audit data_source=MU_CANONICAL_LIVE + as_of + schema_version
2026-10-03T10:26:49.7738400Z   PASS  P2 /api/runs?limit=200 零 legacy 哨兵
2026-10-03T10:26:49.7739068Z   PASS  P4 /api/runs?limit=200 data_source=MU_CANONICAL_LIVE + as_of + schema_version
2026-10-03T10:26:49.8055069Z   PASS  P2 /api/pulls/42?repo=acme/app 零 legacy 哨兵
2026-10-03T10:26:49.8055684Z   PASS  P4 /api/pulls/42?repo=acme/app data_source=MU_CANONICAL_LIVE + as_of + schema_version
2026-10-03T10:26:49.8140742Z   PASS  P5-1 编号寻址 200 + repo/pr_number 字段
2026-10-03T10:26:49.8141434Z   PASS  P5-2 contract 形状（无 run→latest_result=null；merge_panel fail-closed）
2026-10-03T10:26:49.8207342Z   PASS  P5-3 不存在 PR → 404 no_live_record（不回退 legacy）
2026-10-03T10:26:49.8235681Z   PASS  P2-fxv metrics=UNSCOPED capability + 空 metrics（零跨租户聚合）
2026-10-03T10:26:49.8266681Z   PASS  P2-fxv attempts=UNSCOPED capability + 空列表
2026-10-03T10:26:50.1280666Z   PASS  P3 zero-legacy-query：trace 零 legacy/fxv 表命中
2026-10-03T10:26:50.1281276Z   PASS  P3-trace 结构：仅表名+调用点（无 SQL 文本/参数）
2026-10-03T10:26:50.1281702Z   PASS  P3-trace 全部 mu.* canonical
2026-10-03T10:26:50.1282148Z   PASS  P4-access log 覆盖本轮请求且记录 data_source
2026-10-03T10:26:50.9886384Z 
2026-10-03T10:26:50.9888738Z 34 pass, 0 fail
2026-10-03T10:26:50.9975666Z ##[group]Run node console/backend/test/mu-queue-hol-w38.integration.mjs
2026-10-03T10:26:50.9976080Z [36;1mnode console/backend/test/mu-queue-hol-w38.integration.mjs[0m
2026-10-03T10:26:51.0030212Z shell: /usr/bin/bash -e {0}
2026-10-03T10:26:51.0030423Z env:
2026-10-03T10:26:51.0030793Z   FXV_PG_TEST_DSN: ***127.0.0.1:5432/fxv
2026-10-03T10:26:51.0031135Z   CCHAIN_TEST_DSN: ***127.0.0.1:5432/fxv
2026-10-03T10:26:51.0031366Z   FXV_S3_ENDPOINT: http://127.0.0.1:9000
2026-10-03T10:26:51.0031580Z   FXV_S3_ACCESS_KEY: ci-minio
2026-10-03T10:26:51.0031795Z   FXV_S3_SECRET_KEY: ci-minio-secret-123456
2026-10-03T10:26:51.0032027Z   FXV_S3_BUCKET: fxv-artifacts-e2e
2026-10-03T10:26:51.0032225Z ##[endgroup]
2026-10-03T10:26:53.9798327Z   PASS  S1a B(tenant1) event_sync 被消费（不再永久 queued）
2026-10-03T10:26:53.9799041Z   PASS  S1b C(tenant2) event_sync 被消费（跨租户不被阻塞）
2026-10-03T10:26:53.9799750Z   PASS  S1c 过期人工 job 转 rejected 终态 + reason=manual_job_expired_unconsumable
2026-10-03T10:26:53.9807160Z   PASS  S1d 过期人工 job 清收落审计（MU_JOB_REJECTED+reason）
2026-10-03T10:26:53.9807728Z   PASS  S1e tick 响应非空（不再 processed=[]）
2026-10-03T10:26:54.0199897Z   PASS  S2a 未过期人工 job 保持 queued（等待专用消费者，不误杀）
2026-10-03T10:26:54.0200366Z   PASS  S2b 其后 event_sync 正常推进
2026-10-03T10:26:54.0691941Z   PASS  S3 重复 delivery 幂等：同 head 只产生一个 canonical run
2026-10-03T10:26:54.4181650Z   PASS  S4 server 重启后合法 queued job 继续被领取消费
2026-10-03T10:26:54.9529498Z   PASS  S5a 并发 tick 零重复领取（两 worker processed 集合不相交）
2026-10-03T10:26:54.9530112Z   PASS  S5b 全部 10 job 恰好被消费一次
2026-10-03T10:26:54.9530589Z   PASS  S5c 无重复 canonical run（10 job → 10 run）
2026-10-03T10:26:54.9531060Z   PASS  S5d 无 job 滞留 queued/running
2026-10-03T10:26:54.9941757Z   PASS  S6a 坏 installation job 被拒（fail-closed 终态，非 queued 滞留）
2026-10-03T10:26:54.9942700Z   PASS  S6b 同 tick 内 tenant2 合法 job 正常消费（跨租户零影响）
2026-10-03T10:26:55.2912998Z   PASS  S7a closed 事件收敛 PR state=closed
2026-10-03T10:26:55.2913473Z   PASS  S7b 乱序旧 opened 重放不覆盖 closed
2026-10-03T10:26:55.2913812Z   PASS  S7c 乱序重放不产生新 run（同 head 幂等）
2026-10-03T10:26:55.3121370Z   PASS  S8 终态 job 不被重复领取/改写（updated_at 稳定）
2026-10-03T10:26:55.3229032Z   PASS  S9a 空队列 → 200 processed=[]
2026-10-03T10:26:55.3344215Z   PASS  S9b 仅未过期人工 job：不消费不阻塞（留队待专用消费者）
2026-10-03T10:26:55.3461498Z   PASS  S9c 仅过期人工 job：被清收终态
2026-10-03T10:26:55.3928810Z   PASS  S9d 仅 event_sync：全部消费
2026-10-03T10:26:55.4253527Z   PASS  S10a 孤立 running（lease 超 10 分钟）被回收并推进到终态（同 tick 回收+消费）+ 回收审计在案
2026-10-03T10:26:55.4253971Z   PASS  S10b 活跃 running（lease 新鲜）不被误回收
2026-10-03T10:26:55.4406845Z   PASS  S10c 回收后的 job 在后续 tick 正常消费
2026-10-03T10:26:55.4418844Z   PASS  INV-a 终态 run 零 RUNNING/QUEUED attempt 残留
2026-10-03T10:26:55.4421456Z   PASS  INV-b job 状态域合法（CHECK 兜底）
2026-10-03T10:26:55.4424729Z   PASS  INV-c running 必有 locked_at（lease 记录）
2026-10-03T10:26:55.4429562Z   PASS  INV-d attempt 编号唯一（run+role+attempt 无重复）
2026-10-03T10:26:55.4432635Z   PASS  INV-e dead-letter/rejected 不重回队首
2026-10-03T10:26:55.4437059Z   PASS  INV-f 全部 job 有合法租户归属
2026-10-03T10:26:56.6341837Z 
2026-10-03T10:26:56.6342288Z 32 pass, 0 fail
2026-10-03T10:26:56.6437832Z ##[group]Run node console/backend/test/mu-eager-init.integration.mjs
2026-10-03T10:26:56.6438224Z [36;1mnode console/backend/test/mu-eager-init.integration.mjs[0m
2026-10-03T10:26:56.6494457Z shell: /usr/bin/bash -e {0}
2026-10-03T10:26:56.6494655Z env:
2026-10-03T10:26:56.6495041Z   FXV_PG_TEST_DSN: ***127.0.0.1:5432/fxv
2026-10-03T10:26:56.6495392Z   CCHAIN_TEST_DSN: ***127.0.0.1:5432/fxv
2026-10-03T10:26:56.6495612Z   FXV_S3_ENDPOINT: http://127.0.0.1:9000
2026-10-03T10:26:56.6495830Z   FXV_S3_ACCESS_KEY: ci-minio
2026-10-03T10:26:56.6496043Z   FXV_S3_SECRET_KEY: ci-minio-secret-123456
2026-10-03T10:26:56.6496270Z   FXV_S3_BUCKET: fxv-artifacts-e2e
2026-10-03T10:26:56.6496465Z ##[endgroup]
2026-10-03T10:27:00.1023913Z   PASS  E1 启动即迁移：health.mu_schema_ready=true（零业务请求前置）
2026-10-03T10:27:00.1024738Z   PASS  E2 health 为 200 且带披露字段
2026-10-03T10:27:00.1046911Z   PASS  E3 mu schema 已在库中创建（表数量显著增长）
2026-10-03T10:27:00.1419046Z   PASS  E4 facade 首查 200 + MU_CANONICAL_LIVE（独立 pool 不再绕过 readiness）
2026-10-03T10:27:00.4462816Z   PASS  E5 重复启动/迁移重放幂等（第二次实例同样就绪）
2026-10-03T10:27:00.8017869Z 
2026-10-03T10:27:00.8018359Z 5 pass, 0 fail
2026-10-03T10:27:00.8108009Z ##[group]Run node console/backend/test/mu-review-arch-v2.integration.mjs
2026-10-03T10:27:00.8108421Z [36;1mnode console/backend/test/mu-review-arch-v2.integration.mjs[0m
2026-10-03T10:27:00.8163930Z shell: /usr/bin/bash -e {0}
2026-10-03T10:27:00.8164139Z env:
2026-10-03T10:27:00.8164524Z   FXV_PG_TEST_DSN: ***127.0.0.1:5432/fxv
2026-10-03T10:27:00.8164879Z   CCHAIN_TEST_DSN: ***127.0.0.1:5432/fxv
2026-10-03T10:27:00.8165111Z   FXV_S3_ENDPOINT: http://127.0.0.1:9000
2026-10-03T10:27:00.8165332Z   FXV_S3_ACCESS_KEY: ci-minio
2026-10-03T10:27:00.8165542Z   FXV_S3_SECRET_KEY: ci-minio-secret-123456
2026-10-03T10:27:00.8165767Z   FXV_S3_BUCKET: fxv-artifacts-e2e
2026-10-03T10:27:00.8165988Z ##[endgroup]
2026-10-03T10:27:03.3044514Z   PASS  1 默认策略=evidence_only+egress=false+v1
2026-10-03T10:27:03.3045122Z   PASS  18a evidence_only MODE_CONTRACT scope=evidence_only
2026-10-03T10:27:03.3067260Z   PASS  2 external_api 无 consent 记录被拒（consent_version_required）
2026-10-03T10:27:03.3104178Z   PASS  3 external_api+custom+consent 保存成功（v2）
2026-10-03T10:27:03.3119814Z   PASS  4 blocked Provider 被拒（provider_blocked）
2026-10-03T10:27:03.3141705Z   PASS  5 local 保存成功且 code_egress_allowed=false
2026-10-03T10:27:03.3189763Z   PASS  6 同版本并发：恰一成功一冲突
2026-10-03T10:27:03.3198304Z   PASS  7 policy revision 存在且只增
2026-10-03T10:27:03.3208346Z   PASS  8 snapshot 含全部 ADR 字段+digest
2026-10-03T10:27:03.3239221Z   PASS  9 策略更新不改变已冻结 snapshot 语义（旧 snap 不重算）
2026-10-03T10:27:03.3379323Z   PASS  10 consent 有效时 authorize=true
2026-10-03T10:27:03.3398285Z   PASS  10b 撤销即时 deny（EGRESS_CONSENT_REVOKED）
2026-10-03T10:27:03.3439561Z   PASS  11 Provider 变 blocked 即时 deny（EGRESS_PROVIDER_BLOCKED）
2026-10-03T10:27:03.3454964Z   PASS  12a global kill switch deny（EGRESS_GLOBAL_DISABLED）
2026-10-03T10:27:03.3455663Z   PASS  12b snapshot digest 缺失 deny（EGRESS_SNAPSHOT_INVALID）
2026-10-03T10:27:03.3490248Z   PASS  12c tenant 不匹配 deny（EGRESS_POLICY_MISMATCH）
2026-10-03T10:27:03.4517736Z   PASS  13 跨租户 run 快照=404 防枚举
2026-10-03T10:27:03.4674239Z   PASS  14a GET review-policy=200+默认面
2026-10-03T10:27:03.4807882Z   PASS  14b 无 CSRF 写=403
2026-10-03T10:27:03.4954499Z   PASS  14c providers 列表含 deepseek=custom_acknowledged 且零凭据字段
2026-10-03T10:27:03.5588248Z   PASS  15 审计事件存在且 detail 零凭据
2026-10-03T10:27:03.5600173Z   PASS  17 不同租户同策略 snapshot digest 不同（tenant 进材料）
2026-10-03T10:27:03.5600753Z   PASS  18b MODE_CONTRACT external_api scope=full_code+egress=true
2026-10-03T10:27:03.5610826Z   PASS  19 四字段独立可存（review≠tests≠eligibility 各自值）
2026-10-03T10:27:03.5622118Z   PASS  19b evidence_only+full_code scope 被 DB CHECK 拒
2026-10-03T10:27:03.5721482Z   PASS  20 flag v1：策略写=409 arch_v2_not_enabled（beta.5 行为不变）
2026-10-03T10:27:03.5734389Z   PASS  21 flag v2 全套件零 Provider attempt（零代码发送/零调用）
2026-10-03T10:27:03.5737957Z   PASS  22 fresh DB 迁移 v15 已应用
2026-10-03T10:27:03.5980277Z   PASS  23 v15 幂等重放+已有数据无损（策略仍在）
2026-10-03T10:27:03.6121951Z   PASS  24 history API=200+revisions 数组
2026-10-03T10:27:03.6130039Z   PASS  25a 未知 review_mode 被拒
2026-10-03T10:27:03.6131894Z   PASS  25b 未知 flag 值不落 external_api（parseReviewEnums fail-closed）
2026-10-03T10:27:03.6139724Z   PASS  25c secret 形状字段被拒（零凭据纪律）
2026-10-03T10:27:03.9354954Z 
2026-10-03T10:27:03.9355532Z 33 pass, 0 fail
2026-10-03T10:27:03.9445777Z ##[group]Run node console/backend/test/mu-context-builder.integration.mjs
2026-10-03T10:27:03.9446200Z [36;1mnode console/backend/test/mu-context-builder.integration.mjs[0m
2026-10-03T10:27:03.9501919Z shell: /usr/bin/bash -e {0}
2026-10-03T10:27:03.9502131Z env:
2026-10-03T10:27:03.9502527Z   FXV_PG_TEST_DSN: ***127.0.0.1:5432/fxv
2026-10-03T10:27:03.9503025Z   CCHAIN_TEST_DSN: ***127.0.0.1:5432/fxv
2026-10-03T10:27:03.9503328Z   FXV_S3_ENDPOINT: http://127.0.0.1:9000
2026-10-03T10:27:03.9503569Z   FXV_S3_ACCESS_KEY: ci-minio
2026-10-03T10:27:03.9503780Z   FXV_S3_SECRET_KEY: ci-minio-secret-123456
2026-10-03T10:27:03.9504006Z   FXV_S3_BUCKET: fxv-artifacts-e2e
2026-10-03T10:27:03.9504200Z ##[endgroup]
2026-10-03T10:27:06.1556948Z   PASS  B1 四元组绑定+diff_digest
2026-10-03T10:27:06.1557436Z   PASS  B2 lockfile 与 .env 被排除
2026-10-03T10:27:06.1557775Z   PASS  B3 sk- 密钥已 redact（payload 零 sk- 原文）
2026-10-03T10:27:06.1559218Z   PASS  B4 高熵 token 被 redact
2026-10-03T10:27:06.1561765Z   PASS  B5 注入文本进入 UNTRUSTED_DATA 数据区+指令区固定
2026-10-03T10:27:06.1562211Z   PASS  B5b 注入文本的 fence 被归一化（无逃逸 fence）
2026-10-03T10:27:06.1565355Z   PASS  B6 同输入同 input_digest；新 head 不同
2026-10-03T10:27:06.1566108Z   PASS  B7 max_files 上限生效
2026-10-03T10:27:06.1568100Z   PASS  B8 denylist 优先（config.js 被拒）
2026-10-03T10:27:06.1568573Z   PASS  B9 redactLine 非 string 输入抛错（fail-closed）
2026-10-03T10:27:06.1573092Z   PASS  B10 evidence_only 授权层直接 deny（EGRESS_MODE_NOT_EXTERNAL）
2026-10-03T10:27:06.1638430Z   PASS  B11 egress_event 落库（manifest+digest，无正文）
2026-10-03T10:27:06.1642335Z   PASS  B12 run.code_egress 计数 +1
2026-10-03T10:27:06.1644029Z   PASS  B13 mock provider 捕获 payload（零真实网络——url 不解析）
2026-10-03T10:27:06.1658170Z   PASS  B14 重试复用同一 input_digest（两行同 digest）
2026-10-03T10:27:06.4801479Z 
2026-10-03T10:27:06.4802033Z 15 pass, 0 fail
2026-10-03T10:27:06.4881012Z ##[group]Run node console/backend/test/mu-external-reviewer.integration.mjs
2026-10-03T10:27:06.4881442Z [36;1mnode console/backend/test/mu-external-reviewer.integration.mjs[0m
2026-10-03T10:27:06.4935930Z shell: /usr/bin/bash -e {0}
2026-10-03T10:27:06.4936134Z env:
2026-10-03T10:27:06.4936513Z   FXV_PG_TEST_DSN: ***127.0.0.1:5432/fxv
2026-10-03T10:27:06.4936855Z   CCHAIN_TEST_DSN: ***127.0.0.1:5432/fxv
2026-10-03T10:27:06.4937078Z   FXV_S3_ENDPOINT: http://127.0.0.1:9000
2026-10-03T10:27:06.4937292Z   FXV_S3_ACCESS_KEY: ci-minio
2026-10-03T10:27:06.4937498Z   FXV_S3_SECRET_KEY: ci-minio-secret-123456
2026-10-03T10:27:06.4937723Z   FXV_S3_BUCKET: fxv-artifacts-e2e
2026-10-03T10:27:06.4938114Z ##[endgroup]
2026-10-03T10:27:08.7649388Z   PASS  C1 egress deny（evidence_only snapshot）→ 零调用可重试
2026-10-03T10:27:08.7921585Z   PASS  C2 Reviewer 成功+findings 落 agent_finding（source=reviewer, AT-CODE）
2026-10-03T10:27:08.7925016Z   PASS  C2b AT-CODE finding 在库（非死端）
2026-10-03T10:27:08.8006512Z   PASS  C3 Leader 消费→fix_required+review_verdict=changes_requested
2026-10-03T10:27:08.8007168Z   PASS  C4 protection unknown→merge_eligibility=unknown
2026-10-03T10:27:08.8010555Z   PASS  C4b run 列分立持久化
2026-10-03T10:27:08.8070688Z   PASS  C5 clean+known_clean→eligible
2026-10-03T10:27:08.8175074Z   PASS  C6 输出无效→FAILED+死信
2026-10-03T10:27:08.8244556Z   PASS  C7 Provider HTTP 503→FAILED retryable
2026-10-03T10:27:08.8250192Z   PASS  C8 egress_event 记录≥2（成功+无效输出各一）
2026-10-03T10:27:08.8308243Z   PASS  C9 consent 撤销→EGRESS_CONSENT_REVOKED 零调用
2026-10-03T10:27:08.8340211Z   PASS  C10 Provider blocked→EGRESS_PROVIDER_BLOCKED
2026-10-03T10:27:08.8345200Z   PASS  C11 reviewer findings 为 AT-CODE 新增（precheck 无此 rule）
2026-10-03T10:27:08.8345980Z   PASS  C12 v2 下独立 LLM 通道禁用（MU_REVIEW_ARCH=v2 时 agent_policy llm_assist 不消费）
2026-10-03T10:27:09.1322476Z 
2026-10-03T10:27:09.1324736Z 14 pass, 0 fail
2026-10-03T10:27:09.1388988Z ##[group]Run node console/backend/test/mu-fixer-sandbox.integration.mjs
2026-10-03T10:27:09.1389392Z [36;1mnode console/backend/test/mu-fixer-sandbox.integration.mjs[0m
2026-10-03T10:27:09.1444484Z shell: /usr/bin/bash -e {0}
2026-10-03T10:27:09.1444685Z env:
2026-10-03T10:27:09.1445066Z   FXV_PG_TEST_DSN: ***127.0.0.1:5432/fxv
2026-10-03T10:27:09.1445552Z   CCHAIN_TEST_DSN: ***127.0.0.1:5432/fxv
2026-10-03T10:27:09.1445778Z   FXV_S3_ENDPOINT: http://127.0.0.1:9000
2026-10-03T10:27:09.1445992Z   FXV_S3_ACCESS_KEY: ci-minio
2026-10-03T10:27:09.1446198Z   FXV_S3_SECRET_KEY: ci-minio-secret-123456
2026-10-03T10:27:09.1446426Z   FXV_S3_BUCKET: fxv-artifacts-e2e
2026-10-03T10:27:09.1446623Z ##[endgroup]
2026-10-03T10:27:12.1774318Z   PASS  D1 非 FIX_QUEUED/FIXING（无 Leader 确认）→ 拒绝+零调用
2026-10-03T10:27:12.2113099Z   PASS  D2 egress deny（evidence_only）→ 零调用可重试
2026-10-03T10:27:12.2451871Z   PASS  D3 Fixer 成功→artifact 生成（DRY_RUN）
2026-10-03T10:27:12.2456121Z   PASS  D3b fix_attempt status=DRY_RUN（生成≠应用）
2026-10-03T10:27:12.2456896Z   PASS  D3c artifact 绑定齐全（patch_digest+head_sha+finding_digest+context_digest）
2026-10-03T10:27:12.2459931Z   PASS  D4 run 推进到 FIXING
2026-10-03T10:27:12.2484268Z   PASS  D5 fix_attempt 无正文列（digest/ref only）
2026-10-03T10:27:12.2488336Z   PASS  D6 patch 生成调用入 egress 审计
2026-10-03T10:27:12.2763713Z   PASS  D7 Provider 503→FAILED retryable
2026-10-03T10:27:12.2774939Z   PASS  D7b 失败不落 fix_attempt（零假 artifact）
2026-10-03T10:27:12.2781851Z   PASS  D8 新 head→旧 patch STALE
2026-10-03T10:27:12.2785489Z   PASS  D8b 幂等（重放零新增）
2026-10-03T10:27:12.2788952Z   PASS  D8c 旧 patch 状态=STALE
2026-10-03T10:27:12.3082026Z   PASS  D9 markStalePatches 只作用本 PR（他人 DRY_RUN 不动）
2026-10-03T10:27:12.3082431Z   PASS  D10 零真实网络（所有 fetch 打向 mock）
2026-10-03T10:27:12.3229456Z   PASS  D11 FIXING 态可再生成（attempt=2）
2026-10-03T10:27:12.7062585Z 
2026-10-03T10:27:12.7063678Z 16 pass, 0 fail
2026-10-03T10:27:12.7133493Z ##[group]Run node console/backend/test/mu-verifier-tools.integration.mjs
2026-10-03T10:27:12.7134194Z [36;1mnode console/backend/test/mu-verifier-tools.integration.mjs[0m
2026-10-03T10:27:12.7190052Z shell: /usr/bin/bash -e {0}
2026-10-03T10:27:12.7190334Z env:
2026-10-03T10:27:12.7190816Z   FXV_PG_TEST_DSN: ***127.0.0.1:5432/fxv
2026-10-03T10:27:12.7191284Z   CCHAIN_TEST_DSN: ***127.0.0.1:5432/fxv
2026-10-03T10:27:12.7191515Z   FXV_S3_ENDPOINT: http://127.0.0.1:9000
2026-10-03T10:27:12.7191747Z   FXV_S3_ACCESS_KEY: ci-minio
2026-10-03T10:27:12.7191959Z   FXV_S3_SECRET_KEY: ci-minio-secret-123456
2026-10-03T10:27:12.7192202Z   FXV_S3_BUCKET: fxv-artifacts-e2e
2026-10-03T10:27:12.7192403Z ##[endgroup]
2026-10-03T10:27:15.1698520Z   PASS  E1 无 patch artifact→VERIFIER_INPUT_MISSING 零调用
2026-10-03T10:27:15.2211278Z   PASS  E2 非 VERIFY 阶段（VERIFIED）→ 拒绝零调用
2026-10-03T10:27:15.2634101Z   PASS  E3 patch_digest 非本 run→PATCH_NOT_OF_THIS_RUN
2026-10-03T10:27:15.3686999Z   PASS  E4 egress deny→零调用可重试
2026-10-03T10:27:15.4050000Z   PASS  E5 Verifier 模型判定成功（attempt=PASS）
2026-10-03T10:27:15.4050594Z   PASS  E5b 语义收口：digest-only→run=inconclusive（不冒充完整验证）+model_input 标注
2026-10-03T10:27:15.4053388Z   PASS  E5c run 持久化=inconclusive+VERIFIED 不可达（留在 VERIFYING）
2026-10-03T10:27:15.4059225Z   PASS  E5d 模型原始判定留痕（attempt PASS）+工具证据入 evidence_ref
2026-10-03T10:27:15.4353454Z   PASS  E6 model PASS+tools FAIL→分列不冒充
2026-10-03T10:27:15.4356462Z   PASS  E6b tests_status=failed 持久化+不推进 VERIFIED
2026-10-03T10:27:15.4722517Z   PASS  E7 模型 503→INCONCLUSIVE+ok=false
2026-10-03T10:27:15.4726583Z   PASS  E7b INCONCLUSIVE 落行可审计（error_code=HTTP_503）
2026-10-03T10:27:15.4730544Z   PASS  E7c run=inconclusive（不冒充）+tools 证据仍留
2026-10-03T10:27:15.4734229Z   PASS  E7d verifier attempt FAILED（模型域失败独立记）
2026-10-03T10:27:15.5030390Z   PASS  E8 模型 FAIL→attempt 留痕+run=inconclusive（收口）
2026-10-03T10:27:15.5034604Z   PASS  E9 独立 verifier attempt（provider=external_api）
2026-10-03T10:27:15.5049440Z   PASS  E10 verifier 调用入 egress 审计
2026-10-03T10:27:15.5296574Z   PASS  E11 consent 撤销→EGRESS_CONSENT_REVOKED
2026-10-03T10:27:15.5297196Z   PASS  E12 工具白名单=static_check+secret_scan（无 shell/exec）
2026-10-03T10:27:15.5297712Z   PASS  E13a staticCheck 捕获 eval
2026-10-03T10:27:15.5298116Z   PASS  E13b secretScan 捕获 AKIA
2026-10-03T10:27:15.5298480Z   PASS  E13c 干净 patch 双过
2026-10-03T10:27:15.9997490Z 
2026-10-03T10:27:15.9998168Z 22 pass, 0 fail
2026-10-03T10:27:16.0075148Z ##[group]Run node console/backend/test/mu-review-arch-prf.integration.mjs
2026-10-03T10:27:16.0075823Z [36;1mnode console/backend/test/mu-review-arch-prf.integration.mjs[0m
2026-10-03T10:27:16.0150602Z shell: /usr/bin/bash -e {0}
2026-10-03T10:27:16.0150809Z env:
2026-10-03T10:27:16.0151159Z   FXV_PG_TEST_DSN: ***127.0.0.1:5432/fxv
2026-10-03T10:27:16.0151622Z   CCHAIN_TEST_DSN: ***127.0.0.1:5432/fxv
2026-10-03T10:27:16.0151961Z   FXV_S3_ENDPOINT: http://127.0.0.1:9000
2026-10-03T10:27:16.0152315Z   FXV_S3_ACCESS_KEY: ci-minio
2026-10-03T10:27:16.0152643Z   FXV_S3_SECRET_KEY: ci-minio-secret-123456
2026-10-03T10:27:16.0153221Z   FXV_S3_BUCKET: fxv-artifacts-e2e
2026-10-03T10:27:16.0153432Z ##[endgroup]
2026-10-03T10:27:18.4729635Z   PASS  F1 PR 详情 latest_run 四分立列
2026-10-03T10:27:18.4730028Z   PASS  F1b 出站计数+模式披露
2026-10-03T10:27:18.4931063Z   PASS  F2 legacy run 列=null（不猜值）
2026-10-03T10:27:18.5121500Z   PASS  F3 egress-events 200+事件在
2026-10-03T10:27:18.5122567Z   PASS  F3b 投影字段（role/provider/digest/文件名/计数）
2026-10-03T10:27:18.5123708Z   PASS  F3c 零代码正文（键集白名单——无 content/envelope/text 键）
2026-10-03T10:27:18.5321225Z   PASS  F4 run_id 过滤命中
2026-10-03T10:27:18.5456905Z   PASS  F4b 跨租户 run_id=404 防枚举
2026-10-03T10:27:18.5467893Z   PASS  F5 未登录拒绝
2026-10-03T10:27:18.5600177Z   PASS  F6 limit 钳制 200（不信任客户端）
2026-10-03T10:27:18.5703748Z   PASS  F7 披露端点只读（PUT 404/405）
2026-10-03T10:27:18.5704216Z   PASS  F8 租户收窄（T1 列表零 T2 run 事件）
2026-10-03T10:27:18.8810102Z 
2026-10-03T10:27:18.8810681Z 12 pass, 0 fail
2026-10-03T10:27:18.8894337Z ##[group]Run node console/backend/test/mu-review-arch-prg.integration.mjs
2026-10-03T10:27:18.8894765Z [36;1mnode console/backend/test/mu-review-arch-prg.integration.mjs[0m
2026-10-03T10:27:18.8949310Z shell: /usr/bin/bash -e {0}
2026-10-03T10:27:18.8949522Z env:
2026-10-03T10:27:18.8949856Z   FXV_PG_TEST_DSN: ***127.0.0.1:5432/fxv
2026-10-03T10:27:18.8950193Z   CCHAIN_TEST_DSN: ***127.0.0.1:5432/fxv
2026-10-03T10:27:18.8950417Z   FXV_S3_ENDPOINT: http://127.0.0.1:9000
2026-10-03T10:27:18.8950638Z   FXV_S3_ACCESS_KEY: ci-minio
2026-10-03T10:27:18.8950844Z   FXV_S3_SECRET_KEY: ci-minio-secret-123456
2026-10-03T10:27:18.8951072Z   FXV_S3_BUCKET: fxv-artifacts-e2e
2026-10-03T10:27:18.8951268Z ##[endgroup]
2026-10-03T10:27:21.1024520Z   PASS  G1 新租户惰性默认=evidence_only+零出站（v1 兼容）
2026-10-03T10:27:21.1143727Z   PASS  G2 legacy（NULL）与 v2 共存互不冒充
2026-10-03T10:27:21.1418473Z   PASS  G3 重试耗尽→死信+FAILED（fail-closed 不悬挂）
2026-10-03T10:27:21.1437163Z   PASS  G4 死信可解决（人工闭环）
2026-10-03T10:27:21.1508541Z   PASS  G5a 注入内容被围栏包裹（UNTRUSTED_DATA）
2026-10-03T10:27:21.1580980Z   PASS  G5b 注入污染输出→schema 拒绝+死信（不冒充通过）
2026-10-03T10:27:21.1733369Z   PASS  G6a secret diff → redaction 计数>0 且出站内容零明文 secret
2026-10-03T10:27:21.1746997Z   PASS  G6b 库内零 secret 明文（egress/attempt/finding 全列扫描）
2026-10-03T10:27:21.2236101Z   PASS  G7a 全链贯通（review→leader→fix DRY_RUN→verify）
2026-10-03T10:27:21.2249575Z   PASS  G7b 零 GitHub 写（无 APPLIED patch+无 repair_push job）
2026-10-03T10:27:21.2253360Z   PASS  G7c 终态分立（VERIFYING+模型域收口 inconclusive+工具域独立）
2026-10-03T10:27:21.2317294Z   PASS  G8 跨租户 snapshot→deny（MISMATCH 或 MODE 拒）
2026-10-03T10:27:21.2365297Z   PASS  G9 kill switch→EGRESS_GLOBAL_DISABLED
2026-10-03T10:27:21.2365785Z   PASS  G10 状态机 CAS 守卫（非法迁移拒）
2026-10-03T10:27:21.5496952Z 
2026-10-03T10:27:21.5497426Z 14 pass, 0 fail
2026-10-03T10:27:21.5567230Z ##[group]Run node console/backend/test/mu-migration-upgrade.integration.mjs
2026-10-03T10:27:21.5567671Z [36;1mnode console/backend/test/mu-migration-upgrade.integration.mjs[0m
2026-10-03T10:27:21.5622245Z shell: /usr/bin/bash -e {0}
2026-10-03T10:27:21.5622445Z env:
2026-10-03T10:27:21.5622777Z   FXV_PG_TEST_DSN: ***127.0.0.1:5432/fxv
2026-10-03T10:27:21.5623270Z   CCHAIN_TEST_DSN: ***127.0.0.1:5432/fxv
2026-10-03T10:27:21.5623502Z   FXV_S3_ENDPOINT: http://127.0.0.1:9000
2026-10-03T10:27:21.5623714Z   FXV_S3_ACCESS_KEY: ci-minio
2026-10-03T10:27:21.5623926Z   FXV_S3_SECRET_KEY: ci-minio-secret-123456
2026-10-03T10:27:21.5624151Z   FXV_S3_BUCKET: fxv-artifacts-e2e
2026-10-03T10:27:21.5624344Z ##[endgroup]
2026-10-03T10:27:23.6777932Z   PASS  U1 前置=迁移到 latest-1（v18 未应用）
2026-10-03T10:27:23.6907167Z   PASS  U2 v1 形状数据播种（run/attempt/fix/verification）
2026-10-03T10:27:23.6920177Z   PASS  U2b v1 形状 mu.binding 行播种（fixture kind，state=active）
2026-10-03T10:27:23.7104508Z   PASS  U3 升级后 v17 应用
2026-10-03T10:27:23.7107425Z   PASS  U3v18 升级后 v18（绑定统一回填）应用
2026-10-03T10:27:23.7107788Z   PASS  U3b 版本=最新
2026-10-03T10:27:23.7122394Z   PASS  U3c v15 新表在位：review_policy
2026-10-03T10:27:23.7131564Z   PASS  U3c v15 新表在位：review_policy_revision
2026-10-03T10:27:23.7140709Z   PASS  U3c v15 新表在位：provider_registry
2026-10-03T10:27:23.7150640Z   PASS  U3c v15 新表在位：provider_consent
2026-10-03T10:27:23.7159673Z   PASS  U3c v15 新表在位：code_egress_event
2026-10-03T10:27:23.7181903Z   PASS  U3d review_run 增列（architecture_version 等 14 列之一）
2026-10-03T10:27:23.7190478Z   PASS  U3e v16 新表 mu.fix_approval 在位
2026-10-03T10:27:23.7201052Z   PASS  U4 既有 v1 数据升级后零丢失（4/4 原样）
2026-10-03T10:27:23.7205171Z   PASS  U4b legacy run 增列=NULL（不冒充 v2）
2026-10-03T10:27:23.7213283Z   PASS  U4c v18 回填：legacy mu.binding 行迁入 repository_binding（binding_state=active）
2026-10-03T10:27:23.7214082Z   PASS  U4d v18 回填：fixture kind → fixture 域安装（account_type=fixture，id 落保留区间）
2026-10-03T10:27:23.7217526Z   PASS  U4e mu.binding 行原样保留（老镜像兼容：state/installation_state/kind 不动）
2026-10-03T10:27:23.7223496Z   PASS  U5a fix_attempt 新域 STALE 可写（约束已换）
2026-10-03T10:27:23.7229679Z   PASS  U5b verification_attempt 新域 INCONCLUSIVE 可写
2026-10-03T10:27:23.7235244Z   PASS  U5c agent_attempt 新域 external_api 可写
2026-10-03T10:27:23.7242525Z   PASS  U5d v16 review_run 新态 WAITING_FOR_HUMAN_APPROVAL 可写（CHECK 已换）
2026-10-03T10:27:23.7261967Z   PASS  U5e 活票唯一索引在位
2026-10-03T10:27:23.7271117Z   PASS  U3f v17 新表 mu.skill 在位
2026-10-03T10:27:23.7280518Z   PASS  U3f v17 新表 mu.skill_version 在位
2026-10-03T10:27:23.7309324Z   PASS  U5f v17 唯一约束：同 skill 同版本号拒写
2026-10-03T10:27:23.7413317Z   PASS  U3g v19 新表 mu.rag_model_install 在位
2026-10-03T10:27:23.7433993Z   PASS  U3g2 v19 状态 CHECK 在位（非法态拒写）
2026-10-03T10:27:23.7470554Z   PASS  U3g3 非法状态被 DB CHECK 拒绝
2026-10-03T10:27:23.7580735Z   PASS  U6 initSchema 重放幂等（restart 安全——零异常）
2026-10-03T10:27:23.7586300Z   PASS  U6b v19 不重复应用
2026-10-03T10:27:23.7707934Z   PASS  U6b2 v18 重放（删版本行重执行回填）零重复（repository_binding 恒 1 行）
2026-10-03T10:27:23.7723477Z   PASS  U6d 重放后技能/版本数据零丢失（2/2 原样）
2026-10-03T10:27:23.7769805Z   PASS  U6c bootstrap 重放幂等
2026-10-03T10:27:24.0920409Z 
2026-10-03T10:27:24.0920927Z 34 pass, 0 fail
2026-10-03T10:27:24.0988563Z ##[group]Run node console/backend/test/mu-fix-approval.integration.mjs
2026-10-03T10:27:24.0988981Z [36;1mnode console/backend/test/mu-fix-approval.integration.mjs[0m
2026-10-03T10:27:24.1044761Z shell: /usr/bin/bash -e {0}
2026-10-03T10:27:24.1044977Z env:
2026-10-03T10:27:24.1045322Z   FXV_PG_TEST_DSN: ***127.0.0.1:5432/fxv
2026-10-03T10:27:24.1045673Z   CCHAIN_TEST_DSN: ***127.0.0.1:5432/fxv
2026-10-03T10:27:24.1045905Z   FXV_S3_ENDPOINT: http://127.0.0.1:9000
2026-10-03T10:27:24.1046124Z   FXV_S3_ACCESS_KEY: ci-minio
2026-10-03T10:27:24.1046335Z   FXV_S3_SECRET_KEY: ci-minio-secret-123456
2026-10-03T10:27:24.1046565Z   FXV_S3_BUCKET: fxv-artifacts-e2e
2026-10-03T10:27:24.1046768Z ##[endgroup]
2026-10-03T10:27:26.4516196Z   PASS  FA0a fresh DB 迁移到最新（≥v16 审批门在位）
2026-10-03T10:27:26.4530556Z   PASS  FA0b mu.fix_approval 表存在
2026-10-03T10:27:26.4537651Z   PASS  FA0c review_run CHECK 已含新态（FA1 实证）
2026-10-03T10:27:26.4858489Z   PASS  FA1a leader fix_required
2026-10-03T10:27:26.4864789Z   PASS  FA1b run → WAITING_FOR_HUMAN_APPROVAL（不进 FIX_QUEUED）
2026-10-03T10:27:26.4870685Z   PASS  FA1c 逐 finding 两张 PENDING 票
2026-10-03T10:27:26.4878432Z   PASS  FA1d 审计 FIX_APPROVAL_REQUESTED×2
2026-10-03T10:27:26.4881990Z   PASS  FA1e 审计 FIX_BLOCKED_NO_APPROVAL
2026-10-03T10:27:26.4882388Z   PASS  FA1f 票绑定 head/severity/pr_number
2026-10-03T10:27:26.4913439Z   PASS  FA2a gate：PENDING → FIX_BLOCKED_APPROVAL_PENDING
2026-10-03T10:27:26.4934944Z   PASS  FA2b 重复 gate（retry 语义）仍拒
2026-10-03T10:27:26.4979919Z   PASS  FA2c fixVerifyRound（v1 入口）审批前拒
2026-10-03T10:27:26.4984031Z   PASS  FA2d 零 fixer attempt 残留
2026-10-03T10:27:26.4988537Z   PASS  FA2e run 停留 WAITING（可恢复）
2026-10-03T10:27:26.5009688Z   PASS  FA3a 批准第一张票 ok
2026-10-03T10:27:26.5014253Z   PASS  FA3b 仍有一张 PENDING → run 不放行
2026-10-03T10:27:26.5018476Z   PASS  FA3c 重复 approve 幂等
2026-10-03T10:27:26.5047499Z   PASS  FA3d 全部批准 → run FIX_QUEUED
2026-10-03T10:27:26.5050950Z   PASS  FA3e 审计 FIX_APPROVED≥2
2026-10-03T10:27:26.5084497Z   PASS  FA3f gate 放行（APPROVED）
2026-10-03T10:27:26.5109698Z   PASS  FA3g 二次进入（rework 回派语义）CONSUMED 幂等放行
2026-10-03T10:27:26.5112108Z   PASS  FA3h 审计 FIX_STARTED_AFTER_APPROVAL
2026-10-03T10:27:26.5245303Z   PASS  FA3i 并发消费仅一次
2026-10-03T10:27:26.5441393Z   PASS  FA4a 拒绝 → 票 REJECTED
2026-10-03T10:27:26.5445792Z   PASS  FA4b run → BLOCKED
2026-10-03T10:27:26.5470201Z   PASS  FA4c gate → FIX_APPROVAL_REJECTED
2026-10-03T10:27:26.5476620Z   PASS  FA4d 零 fixer attempt
2026-10-03T10:27:26.5482007Z   PASS  FA4e REJECTED 后 approve 不得翻案（409 冲突）
2026-10-03T10:27:26.5796082Z   PASS  FA5a sweep → EXPIRED
2026-10-03T10:27:26.5799863Z   PASS  FA5b run → BLOCKED（过期不回 FIX_QUEUED）
2026-10-03T10:27:26.5821191Z   PASS  FA5c gate → FIX_APPROVAL_EXPIRED
2026-10-03T10:27:26.5827368Z   PASS  FA5d 审计 FIX_APPROVAL_EXPIRED
2026-10-03T10:27:26.6002833Z   PASS  FA6a 新 head run → 旧票 STALE
2026-10-03T10:27:26.6006647Z   PASS  FA6b 旧 run → BLOCKED
2026-10-03T10:27:26.6029775Z   PASS  FA6c gate → FIX_APPROVAL_STALE
2026-10-03T10:27:26.6865739Z   PASS  FA7a diff_digest 不匹配 → FIX_APPROVAL_STALE
2026-10-03T10:27:26.7041622Z   PASS  FA7b head_sha 不匹配 → FIX_APPROVAL_HEAD_MISMATCH
2026-10-03T10:27:26.7152580Z   PASS  FA8a 重复 ensure 零新增（活票唯一）
2026-10-03T10:27:26.7219819Z   PASS  FA8b finding 不属于本 run → finding_not_found
2026-10-03T10:27:26.7268629Z   PASS  FA8c run 终态/受阻 → run_in_terminal_state 或负态票拒绝
2026-10-03T10:27:26.7383292Z   PASS  FA9 无票 FIX_QUEUED → HIGH_RISK_APPROVAL_REQUIRED（不裸放）
2026-10-03T10:27:26.7458970Z   PASS  FA10a 仅 P2 → needs_human 保持 REVIEWED（不建票）
2026-10-03T10:27:26.7563138Z   PASS  FA11a v1 Leader fix_required → WAITING+票
2026-10-03T10:27:26.7563653Z   PASS  FA11b v1 needs_human（P2）不回归
2026-10-03T10:27:26.7564143Z   PASS  FA12 contributor 不可决定
2026-10-03T10:27:26.7564788Z   PASS  FA12 reviewer 不可决定
2026-10-03T10:27:26.7565203Z   PASS  FA12 auditor 不可决定
2026-10-03T10:27:26.7565591Z   PASS  FA12 maintainer 可决定
2026-10-03T10:27:26.7565983Z   PASS  FA12 platform_admin 不可决定
2026-10-03T10:27:26.7573320Z   PASS  FA13 审计无 secret/密码/原始代码
2026-10-03T10:27:26.7576715Z   PASS  FA13b 票审计含 id/severity/head 前缀（元数据域）
2026-10-03T10:27:26.7714105Z   PASS  FA15a agentteams 路径审批前拒（先于执行器派发）
2026-10-03T10:27:26.7717013Z   PASS  FA15b 审批前未触达任何执行器路径
2026-10-03T10:27:26.7967746Z   PASS  FA15c 批准后越过审批门进入执行器层（不再 fix_blocked）
2026-10-03T10:27:26.7974584Z   PASS  FA15d 门消费产生（CONSUMED+FIX_STARTED_AFTER_APPROVAL 审计）
2026-10-03T10:27:26.8211413Z   PASS  FA16a 按 pr_id 过滤：仅本 PR 的票（同仓邻 PR 票不可见）
2026-10-03T10:27:26.8222256Z   PASS  FA16b 对照：仅按 repo 过滤两 PR 票全部混入（缺 pr 维度即串票——原缺陷形态）
2026-10-03T10:27:26.8232304Z   PASS  FA16c 未知 pr_id → 空集（不泄露他 PR 票存在性）
2026-10-03T10:27:26.8235438Z   PASS  FA14 零 RUNNING/QUEUED attempt 残留
2026-10-03T10:27:27.0512150Z 
2026-10-03T10:27:27.0512640Z 59 pass, 0 fail
2026-10-03T10:27:27.0586024Z ##[group]Run node console/backend/test/mu-skill-governance.integration.mjs
2026-10-03T10:27:27.0586455Z [36;1mnode console/backend/test/mu-skill-governance.integration.mjs[0m
2026-10-03T10:27:27.0641463Z shell: /usr/bin/bash -e {0}
2026-10-03T10:27:27.0641696Z env:
2026-10-03T10:27:27.0642036Z   FXV_PG_TEST_DSN: ***127.0.0.1:5432/fxv
2026-10-03T10:27:27.0642378Z   CCHAIN_TEST_DSN: ***127.0.0.1:5432/fxv
2026-10-03T10:27:27.0642606Z   FXV_S3_ENDPOINT: http://127.0.0.1:9000
2026-10-03T10:27:27.0642829Z   FXV_S3_ACCESS_KEY: ci-minio
2026-10-03T10:27:27.0643207Z   FXV_S3_SECRET_KEY: ci-minio-secret-123456
2026-10-03T10:27:27.0643437Z   FXV_S3_BUCKET: fxv-artifacts-e2e
2026-10-03T10:27:27.0643634Z ##[endgroup]
2026-10-03T10:27:27.1376451Z   NOTE  使用外部一次性 PG（FXV_PG_TEST_DSN），run=b98b21
2026-10-03T10:27:27.5305241Z   PASS  SG0a 迁移到 v19（外部 DSN 复跑幂等）
2026-10-03T10:27:27.5773237Z   PASS  SG1a 未认证 GET → 401
2026-10-03T10:27:27.5844745Z   PASS  SG1b 缺 CSRF 注册 → 403 csrf_required
2026-10-03T10:27:27.5918422Z   PASS  SG1c maintainer 注册 → 403（manage_instance 缺）
2026-10-03T10:27:27.6001482Z   PASS  SG1c contributor 注册 → 403（manage_instance 缺）
2026-10-03T10:27:27.6058905Z   PASS  SG1c reviewer 注册 → 403（manage_instance 缺）
2026-10-03T10:27:27.6109317Z   PASS  SG1d 非法 skill_key → 400
2026-10-03T10:27:27.6239137Z   PASS  SG1e platform_admin 注册 → 200
2026-10-03T10:27:27.6357923Z   PASS  SG1f 重复 skill_key → 409 skill_key_exists
2026-10-03T10:27:27.6404922Z   PASS  SG1g 超长 skill_key（65 字符）→ 400（2-64 限长）
2026-10-03T10:27:27.6551135Z   PASS  SG1h 超长 display_name（200 汉字）→ 200 且不崩溃
2026-10-03T10:27:27.6672490Z   PASS  SG2a 未知技能发布 → 404
2026-10-03T10:27:27.6718482Z   PASS  SG2b 非语义化版本 → 400
2026-10-03T10:27:27.6758624Z   PASS  SG2c 非法指纹 → 400
2026-10-03T10:27:27.6905852Z   PASS  SG2d 发布 1.0.0 → 200 首版自动激活（activated=true）
2026-10-03T10:27:27.6906463Z   PASS  SG2d2 发布响应含服务端真值 current_version=1.0.0
2026-10-03T10:27:27.7025642Z   PASS  SG2e 详情显示 active=1.0.0（version_count=1）
2026-10-03T10:27:27.7370932Z   PASS  SG2f 发布 1.1.0 → 200 且 activated=false、current_version 真值=1.0.0
2026-10-03T10:27:27.7495362Z   PASS  SG2g 重复发布同版本同指纹 → 200 幂等且含真值 current_version
2026-10-03T10:27:27.7607116Z   PASS  SG2h 同版本不同指纹 → 409 version_immutable_conflict
2026-10-03T10:27:27.7623960Z   PASS  SG2i 冲突后版本行原样（指纹/说明未被覆盖）
2026-10-03T10:27:27.8043328Z   PASS  SG2j 并发发布两个首版 → 恰一双赢家（无双重激活）
2026-10-03T10:27:27.8046978Z   PASS  SG2j2 赢家响应 current_version=服务端真值=winner 版本
2026-10-03T10:27:27.8053180Z   PASS  SG2j3 并发首版两个版本行都入库（败者不丢、但未激活）
2026-10-03T10:27:27.8499776Z   PASS  SG2k 并发发布同版本同指纹 → 双 200 恰一幂等（UNIQUE 23505 收口）
2026-10-03T10:27:27.8504214Z   PASS  SG2k2 同版本仅一行入库
2026-10-03T10:27:27.8614678Z   PASS  SG3a 恒成功死端点 /versions/:v/publish 已删除 → 404
2026-10-03T10:27:27.8753235Z   PASS  SG3b 死端点 GET 同样不存在 → 404
2026-10-03T10:27:27.8889473Z   PASS  SG3c 历史按时间倒序且含发布者
2026-10-03T10:27:27.9168027Z   PASS  SG3d 未知技能详情/历史 → 404
2026-10-03T10:27:27.9492582Z   PASS  SG3e 从未发布技能历史 → 200 versions:[]（前端空态依赖）
2026-10-03T10:27:27.9809042Z   PASS  SG3f 长版本号（40 位主版本）→ 发布 200 且历史可回读
2026-10-03T10:27:27.9922694Z   PASS  SG4a 未知版本激活 → 404
2026-10-03T10:27:28.0108149Z   PASS  SG4a2 缺 version 激活 → 404 version_not_found
2026-10-03T10:27:28.0149053Z   PASS  SG4a3 缺 CSRF 激活 → 403
2026-10-03T10:27:28.0427630Z   PASS  SG4b 激活 1.1.0 → rollback=false
2026-10-03T10:27:28.0650817Z   PASS  SG4c 回滚 1.0.0 → rollback=true 且 current 切换
2026-10-03T10:27:28.0848447Z   PASS  SG4d 重复回滚同目标 → 幂等 200（响应含真值 current_version）
2026-10-03T10:27:28.1164046Z   PASS  SG4e 并发激活同目标恰一赢家（另一幂等）
2026-10-03T10:27:28.1167390Z   PASS  SG4f 并发同目标对仅新增一笔激活审计（无重复）
2026-10-03T10:27:28.1384884Z   PASS  SG4g0 预发布 1.2.0（不激活）→ 200
2026-10-03T10:27:28.1599051Z   PASS  SG4g 异目标并发 → 两笔均变更（last-write-wins，各审计）
2026-10-03T10:27:28.1602442Z   PASS  SG4g2 异目标并发新增两笔审计
2026-10-03T10:27:28.2001298Z   PASS  SG5a 停用 → 200 state=disabled
2026-10-03T10:27:28.2182441Z   PASS  SG5b 重复停用 → 幂等 200
2026-10-03T10:27:28.2310191Z   PASS  SG5c 启用 → 200 state=active
2026-10-03T10:27:28.2624354Z   PASS  SG6a maintainer 读列表/历史 → 200
2026-10-03T10:27:28.2856597Z   PASS  SG6a contributor 读列表/历史 → 200
2026-10-03T10:27:28.3093692Z   PASS  SG6a reviewer 读列表/历史 → 200
2026-10-03T10:27:28.3138339Z   PASS  SG6b auditor 读 → 403（仅 read_audit）
2026-10-03T10:27:28.3280370Z   PASS  SG6c contributor 写面全 403（publish/activate/disable）
2026-10-03T10:27:28.4327626Z   PASS  SG7a T2 管理员注册自己租户技能 → 200
2026-10-03T10:27:28.4642493Z   PASS  SG7b T2 读 T1 技能详情/历史/激活 → 404
2026-10-03T10:27:28.4759730Z   PASS  SG7c T2 列表零 T1 技能（tenant 收窄）
2026-10-03T10:27:28.4869248Z   PASS  SG7d T1 列表零 T2 技能
2026-10-03T10:27:28.4874702Z   PASS  SG8a 技能审计事件≥5 类齐
2026-10-03T10:27:28.4875188Z   PASS  SG8b 审计 detail 键全在白名单（无 changelog/prompt/工件）
2026-10-03T10:27:28.4876307Z   PASS  SG8c 审计零敏感形状（指纹/secret/DSN 全无）
2026-10-03T10:27:28.4876764Z   PASS  SG8d changelog 内容不入审计（排序改进/初始版零出现）
2026-10-03T10:27:28.4881749Z   PASS  SG8e 并发首版恰好两笔发布审计（每 insert 一笔，无激活重复审计）
2026-10-03T10:27:28.4886110Z   PASS  SG9 技能/版本行持久（skill+version ≥ 3 行）
2026-10-03T10:27:28.4889667Z 
2026-10-03T10:27:28.4889865Z 61 pass, 0 fail
2026-10-03T10:27:28.5049409Z ##[group]Run node console/backend/test/mu-skill-seed.integration.mjs
2026-10-03T10:27:28.5050029Z [36;1mnode console/backend/test/mu-skill-seed.integration.mjs[0m
2026-10-03T10:27:28.5158274Z shell: /usr/bin/bash -e {0}
2026-10-03T10:27:28.5158594Z env:
2026-10-03T10:27:28.5159164Z   FXV_PG_TEST_DSN: ***127.0.0.1:5432/fxv
2026-10-03T10:27:28.5159713Z   CCHAIN_TEST_DSN: ***127.0.0.1:5432/fxv
2026-10-03T10:27:28.5160065Z   FXV_S3_ENDPOINT: http://127.0.0.1:9000
2026-10-03T10:27:28.5160405Z   FXV_S3_ACCESS_KEY: ci-minio
2026-10-03T10:27:28.5160730Z   FXV_S3_SECRET_KEY: ci-minio-secret-123456
2026-10-03T10:27:28.5161095Z   FXV_S3_BUCKET: fxv-artifacts-e2e
2026-10-03T10:27:28.5161399Z ##[endgroup]
2026-10-03T10:27:30.8420725Z   PASS  SD1a 首跑零异常且输出计数
2026-10-03T10:27:30.8435582Z   PASS  SD1b 6 技能 × 2 租户 = 12 行/12 版本
2026-10-03T10:27:30.8435933Z   PASS  SD1c 首版全部自动激活
2026-10-03T10:27:30.8440500Z   PASS  SD1d 六技能键齐全（含 rag.retrieve）
2026-10-03T10:27:30.8447387Z   PASS  SD1e 审计 24 事件（12 注册+12 发布）
2026-10-03T10:27:30.9134383Z   PASS  SD2a 重跑全跳过（幂等）
2026-10-03T10:27:30.9139174Z   PASS  SD2b 重跑零新增审计
2026-10-03T10:27:30.9144536Z   PASS  SD2c 重跑零新增行
2026-10-03T10:27:30.9150199Z   PASS  SD3 rag.retrieve 指纹=ragtrial 实现工件（b46add4 钉死）
2026-10-03T10:27:31.4137989Z 
2026-10-03T10:27:31.4138638Z 9 pass, 0 fail
2026-10-03T10:27:31.4205487Z ##[group]Run node console/backend/test/mu-rag-model-install-store.integration.mjs
2026-10-03T10:27:31.4205953Z [36;1mnode console/backend/test/mu-rag-model-install-store.integration.mjs[0m
2026-10-03T10:27:31.4261347Z shell: /usr/bin/bash -e {0}
2026-10-03T10:27:31.4261556Z env:
2026-10-03T10:27:31.4261906Z   FXV_PG_TEST_DSN: ***127.0.0.1:5432/fxv
2026-10-03T10:27:31.4262247Z   CCHAIN_TEST_DSN: ***127.0.0.1:5432/fxv
2026-10-03T10:27:31.4262466Z   FXV_S3_ENDPOINT: http://127.0.0.1:9000
2026-10-03T10:27:31.4262675Z   FXV_S3_ACCESS_KEY: ci-minio
2026-10-03T10:27:31.4263013Z   FXV_S3_SECRET_KEY: ci-minio-secret-123456
2026-10-03T10:27:31.4263303Z   FXV_S3_BUCKET: fxv-artifacts-e2e
2026-10-03T10:27:31.4263500Z ##[endgroup]
2026-10-03T10:27:35.0121533Z   PASS  M1a 可安装模型清单含 bge-m3
2026-10-03T10:27:35.0124421Z   PASS  M1b manifest 四文件+全 sha256(64hex)+官方 revision
2026-10-03T10:27:35.0124933Z   PASS  M1c 下载模板域名在允许清单（严格源校验）
2026-10-03T10:27:35.0125321Z   PASS  M1d total_bytes=四文件字节和
2026-10-03T10:27:35.0125829Z   PASS  M1e 未知模型 manifest → 抛错（不猜测）
2026-10-03T10:27:35.0151303Z   PASS  M2a 首建 UNINSTALLED+local-hash 基线
2026-10-03T10:27:35.0151785Z   PASS  M2b 重复 ensure 幂等（不重建不覆盖）
2026-10-03T10:27:35.0152232Z   PASS  M2c 落库快照钉死 manifest（版本/哈希清单/来源）
2026-10-03T10:27:35.0159811Z   PASS  M3a UNINSTALLED→DOWNLOADING 合法
2026-10-03T10:27:35.0160546Z   PASS  M3b DOWNLOADING→ACTIVE 非法（拒绝跳 READY/ACTIVATE）
2026-10-03T10:27:35.0173907Z   PASS  M3c 失败态必须带错误码（DOWNLOAD_FAILED 落 last_error_code）
2026-10-03T10:27:35.0857203Z   PASS  M3d HASH_MISMATCH→READY 非法（哈希不匹配不可激活）
2026-10-03T10:27:35.0944167Z   PASS  M4a 并发迁移恰一赢家
2026-10-03T10:27:35.0972991Z   PASS  M5a 激活=state ACTIVE+provider bge-m3+activated_at
2026-10-03T10:27:35.0985115Z   PASS  M5b 回退=state READY+provider local-hash（安装保留可重激活）
2026-10-03T10:27:35.0994896Z   PASS  M5c 重复回退幂等
2026-10-03T10:27:35.0999746Z   PASS  M6a 非 DOWNLOADING 态心跳被拒（null）
2026-10-03T10:27:35.1019461Z   PASS  M6b DOWNLOADING 态心跳生效
2026-10-03T10:27:35.1045658Z   PASS  M7 双租户独立行（T2 从 UNINSTALLED 起）
2026-10-03T10:27:35.6580635Z 
2026-10-03T10:27:35.6581167Z 19 pass, 0 fail
2026-10-03T10:27:35.6646584Z ##[group]Run node console/backend/test/mu-rag-model-download.integration.mjs
2026-10-03T10:27:35.6647009Z [36;1mnode console/backend/test/mu-rag-model-download.integration.mjs[0m
2026-10-03T10:27:35.6702212Z shell: /usr/bin/bash -e {0}
2026-10-03T10:27:35.6702412Z env:
2026-10-03T10:27:35.6702752Z   FXV_PG_TEST_DSN: ***127.0.0.1:5432/fxv
2026-10-03T10:27:35.6703289Z   CCHAIN_TEST_DSN: ***127.0.0.1:5432/fxv
2026-10-03T10:27:35.6703515Z   FXV_S3_ENDPOINT: http://127.0.0.1:9000
2026-10-03T10:27:35.6703731Z   FXV_S3_ACCESS_KEY: ci-minio
2026-10-03T10:27:35.6703941Z   FXV_S3_SECRET_KEY: ci-minio-secret-123456
2026-10-03T10:27:35.6704167Z   FXV_S3_BUCKET: fxv-artifacts-e2e
2026-10-03T10:27:35.6704393Z ##[endgroup]
2026-10-03T10:27:38.6618789Z   PASS  D1a 完整安装 → READY
2026-10-03T10:27:38.6624058Z   PASS  D1b 状态=READY+进度=总量+local-hash 基线未动
2026-10-03T10:27:38.6625635Z   PASS  D1c 文件落盘原子（无 .part 残留）
2026-10-03T10:27:38.6701960Z   PASS  D2 重复安装幂等收敛（字节齐→直通校验 READY）
2026-10-03T10:27:38.6744011Z   PASS  D3a 篡改 → HASH_MISMATCH（422 语义）
2026-10-03T10:27:38.6744794Z   PASS  D3b HASH_MISMATCH 态保持（不静默回 READY）
2026-10-03T10:27:38.7644508Z   PASS  D4 断点续传（.part 5B 起点 206 续齐+原子 rename）
2026-10-03T10:27:38.7671456Z   PASS  D5 文件缺失 → hash_mismatch（missing 列表含 b.bin）
2026-10-03T10:27:38.7738930Z   PASS  D6 并发安装恰一赢家（另一 install_already_running）
2026-10-03T10:27:38.7747788Z   PASS  D7a 未认证 GET install → 401
2026-10-03T10:27:38.7876175Z   PASS  D7b contributor POST install → 403
2026-10-03T10:27:38.7983916Z   PASS  D7c 缺 CSRF POST → 403 csrf_required
2026-10-03T10:27:38.8094362Z   PASS  D7d 未知模型 → 404 model_not_found
2026-10-03T10:27:38.8213548Z   PASS  D7e contributor 可读状态 200
2026-10-03T10:27:38.8663245Z   PASS  D7f 日志摘要 manage_instance 门（contributor 403）
2026-10-03T10:27:38.8779797Z   PASS  D7g 状态载荷字段齐（state/provider/manifest/进度/busy）
2026-10-03T10:27:38.8780381Z   PASS  D8a 事件 detail 键白名单
2026-10-03T10:27:38.8780864Z   PASS  D8b 零文件内容/零 secret 形状
2026-10-03T10:27:38.8788766Z   PASS  D9 状态+文件持久（READY 保持）
2026-10-03T10:27:38.8800000Z   PASS  D10 零 GitHub 写
2026-10-03T10:27:39.5715427Z 
2026-10-03T10:27:39.5715990Z 20 pass, 0 fail
2026-10-03T10:27:39.5804924Z ##[group]Run node console/backend/test/mu-rag-model-activate.integration.mjs
2026-10-03T10:27:39.5805349Z [36;1mnode console/backend/test/mu-rag-model-activate.integration.mjs[0m
2026-10-03T10:27:39.5860894Z shell: /usr/bin/bash -e {0}
2026-10-03T10:27:39.5861099Z env:
2026-10-03T10:27:39.5861434Z   FXV_PG_TEST_DSN: ***127.0.0.1:5432/fxv
2026-10-03T10:27:39.5861773Z   CCHAIN_TEST_DSN: ***127.0.0.1:5432/fxv
2026-10-03T10:27:39.5862000Z   FXV_S3_ENDPOINT: http://127.0.0.1:9000
2026-10-03T10:27:39.5862214Z   FXV_S3_ACCESS_KEY: ci-minio
2026-10-03T10:27:39.5862426Z   FXV_S3_SECRET_KEY: ci-minio-secret-123456
2026-10-03T10:27:39.5862652Z   FXV_S3_BUCKET: fxv-artifacts-e2e
2026-10-03T10:27:39.5863010Z ##[endgroup]
2026-10-03T10:27:42.2214703Z   PASS  A0 安装到 READY（前置）
2026-10-03T10:27:42.3212492Z   PASS  A1 非 READY 激活 → 409 illegal_state
2026-10-03T10:27:42.3298956Z   PASS  A2a health 挂 → SIDECAR_START_FAILED+错误码
2026-10-03T10:27:42.3394613Z   PASS  A3 manifest 篡改 → manifest_sha_mismatch 拒激活
2026-10-03T10:27:42.3477422Z   PASS  A4 维度不符 → dims_mismatch 拒激活
2026-10-03T10:27:42.3578900Z   PASS  A5a 激活成功 → ACTIVE+provider testm+激活时间
2026-10-03T10:27:42.3579442Z   PASS  A5b ragtrial 注册表双切（active=testm/remote/dims=8）
2026-10-03T10:27:42.3582245Z   PASS  A5c sidecar manifest 落模型目录（字节=pin 源）
2026-10-03T10:27:42.3800411Z   PASS  A6 并发首激活恰一非幂等且终态 ACTIVE
2026-10-03T10:27:42.3875021Z   PASS  A7a 回退 → READY+local-hash（安装保留）
2026-10-03T10:27:42.3875565Z   PASS  A7b 注册表回 local-hash-v1
2026-10-03T10:27:42.3921877Z   PASS  A7c 重复回退幂等
2026-10-03T10:27:42.3931332Z   PASS  A8a 未认证激活 → 401
2026-10-03T10:27:42.4026560Z   PASS  A8b contributor 激活 → 403
2026-10-03T10:27:42.4105368Z   PASS  A8c 缺 CSRF 回退 → 403
2026-10-03T10:27:42.4195047Z   PASS  A8d 未知模型激活 → 404
2026-10-03T10:27:42.4199276Z   PASS  A9 回退态默认模型=local-hash-v1（检索路径零回归）
2026-10-03T10:27:42.4199761Z   PASS  A10 审计含 RAG_MODEL_ACTIVATED
2026-10-03T10:27:42.4200175Z   PASS  A10 审计含 RAG_MODEL_ROLLED_BACK
2026-10-03T10:27:42.4200629Z   PASS  A10 审计含 RAG_MODEL_SIDECAR_FAILED
2026-10-03T10:27:42.4201092Z   PASS  A10b 审计零敏感（无 embedding 数值/正文/secret）
2026-10-03T10:27:42.7445352Z 
2026-10-03T10:27:42.7445911Z 21 pass, 0 fail
2026-10-03T10:27:42.7532607Z ##[group]Run node --test test/rag-model-panel.smoke.test.mjs
2026-10-03T10:27:42.7533245Z [36;1mnode --test test/rag-model-panel.smoke.test.mjs[0m
2026-10-03T10:27:42.7588122Z shell: /usr/bin/bash -e {0}
2026-10-03T10:27:42.7588328Z env:
2026-10-03T10:27:42.7588683Z   FXV_PG_TEST_DSN: ***127.0.0.1:5432/fxv
2026-10-03T10:27:42.7589027Z   CCHAIN_TEST_DSN: ***127.0.0.1:5432/fxv
2026-10-03T10:27:42.7589259Z   FXV_S3_ENDPOINT: http://127.0.0.1:9000
2026-10-03T10:27:42.7589486Z   FXV_S3_ACCESS_KEY: ci-minio
2026-10-03T10:27:42.7589702Z   FXV_S3_SECRET_KEY: ci-minio-secret-123456
2026-10-03T10:27:42.7589954Z   FXV_S3_BUCKET: fxv-artifacts-e2e
2026-10-03T10:27:42.7590153Z ##[endgroup]
2026-10-03T10:27:42.8016374Z TAP version 13
2026-10-03T10:27:42.8282286Z # node:internal/modules/package_json_reader:314
2026-10-03T10:27:42.8283153Z #   throw new ERR_MODULE_NOT_FOUND(packageName, fileURLToPath(base), null);
2026-10-03T10:27:42.8284790Z #         ^
2026-10-03T10:27:42.8287831Z # Error [ERR_MODULE_NOT_FOUND]: Cannot find package 'esbuild' imported from /home/runner/work/MergePilot/MergePilot/console/frontend/test/rag-model-panel.smoke.test.mjs
2026-10-03T10:27:42.8289086Z #     at Object.getPackageJSONURL (node:internal/modules/package_json_reader:314:9)
2026-10-03T10:27:42.8289802Z #     at packageResolve (node:internal/modules/esm/resolve:772:81)
2026-10-03T10:27:42.8290774Z #     at moduleResolve (node:internal/modules/esm/resolve:859:18)
2026-10-03T10:27:42.8291706Z #     at defaultResolve (node:internal/modules/esm/resolve:989:11)
2026-10-03T10:27:42.8293391Z #     at \#cachedDefaultResolve (node:internal/modules/esm/loader:747:20)
2026-10-03T10:27:42.8296335Z #     at ModuleLoader.resolve (node:internal/modules/esm/loader:724:38)
2026-10-03T10:27:42.8297232Z #     at ModuleLoader.getModuleJobForImport (node:internal/modules/esm/loader:320:38)
2026-10-03T10:27:42.8298033Z #     at ModuleJob._link (node:internal/modules/esm/module_job:182:49) {
2026-10-03T10:27:42.8298556Z #   code: 'ERR_MODULE_NOT_FOUND'
2026-10-03T10:27:42.8298863Z # }
2026-10-03T10:27:42.8299624Z # Node.js v22.23.3
2026-10-03T10:27:42.8354009Z # Subtest: test/rag-model-panel.smoke.test.mjs
2026-10-03T10:27:42.8359283Z not ok 1 - test/rag-model-panel.smoke.test.mjs
2026-10-03T10:27:42.8359726Z   ---
2026-10-03T10:27:42.8359983Z   duration_ms: 36.505568
2026-10-03T10:27:42.8360270Z   type: 'test'
2026-10-03T10:27:42.8360952Z   location: '/home/runner/work/MergePilot/MergePilot/console/frontend/test/rag-model-panel.smoke.test.mjs:1:1'
2026-10-03T10:27:42.8361679Z   failureType: 'testCodeFailure'
2026-10-03T10:27:42.8361996Z   exitCode: 1
2026-10-03T10:27:42.8362676Z   signal: ~
2026-10-03T10:27:42.8363109Z   error: 'test failed'
2026-10-03T10:27:42.8363392Z   code: 'ERR_TEST_FAILURE'
2026-10-03T10:27:42.8363664Z   ...
2026-10-03T10:27:42.8363878Z 1..1
2026-10-03T10:27:42.8364108Z # tests 1
2026-10-03T10:27:42.8364327Z # suites 0
2026-10-03T10:27:42.8364550Z # pass 0
2026-10-03T10:27:42.8364764Z # fail 1
2026-10-03T10:27:42.8365004Z # cancelled 0
2026-10-03T10:27:42.8365262Z # skipped 0
2026-10-03T10:27:42.8365491Z # todo 0
2026-10-03T10:27:42.8365750Z # duration_ms 42.451139
2026-10-03T10:27:42.8425620Z ##[error]Process completed with exit code 1.
2026-10-03T10:27:42.8547426Z Post job cleanup.
2026-10-03T10:27:42.9251132Z [command]/usr/bin/git version
2026-10-03T10:27:42.9287429Z git version 2.55.0
2026-10-03T10:27:42.9316937Z Temporarily overriding HOME='/home/runner/work/_temp/14f7d169-c953-4b0d-a0c4-52bf95495799' before making global git config changes
2026-10-03T10:27:42.9318075Z Adding repository directory to the temporary git global config as a safe directory
2026-10-03T10:27:42.9321802Z [command]/usr/bin/git config --global --add safe.directory /home/runner/work/MergePilot/MergePilot
2026-10-03T10:27:42.9354311Z [command]/usr/bin/git config --local --name-only --get-regexp core\.sshCommand
2026-10-03T10:27:42.9381822Z [command]/usr/bin/git submodule foreach --recursive sh -c "git config --local --name-only --get-regexp 'core\.sshCommand' && git config --local --unset-all 'core.sshCommand' || :"
2026-10-03T10:27:42.9604685Z [command]/usr/bin/git config --local --name-only --get-regexp http\.https\:\/\/github\.com\/\.extraheader
2026-10-03T10:27:42.9627677Z http.https://github.com/.extraheader
2026-10-03T10:27:42.9636316Z [command]/usr/bin/git config --local --unset-all http.https://github.com/.extraheader
2026-10-03T10:27:42.9666202Z [command]/usr/bin/git submodule foreach --recursive sh -c "git config --local --name-only --get-regexp 'http\.https\:\/\/github\.com\/\.extraheader' && git config --local --unset-all 'http.https://github.com/.extraheader' || :"
2026-10-03T10:27:42.9878518Z [command]/usr/bin/git config --local --name-only --get-regexp ^includeIf\.gitdir:
2026-10-03T10:27:42.9912004Z [command]/usr/bin/git submodule foreach --recursive git config --local --show-origin --name-only --get-regexp remote.origin.url
2026-10-03T10:27:43.0212586Z Print service container logs: 3c48b43cdee5430fbebf24d93f4e3a2e_postgres16alpine_7a16c3
2026-10-03T10:27:43.0216790Z ##[command]/usr/bin/docker logs --details a8a23a9524a82699490499ccd1635a4d1875caa754292cbb1cd1ea8af9f728a5
2026-10-03T10:27:43.0320881Z  The files belonging to this database system will be owned by user "postgres".
2026-10-03T10:27:43.0322736Z  sh: locale: not found
2026-10-03T10:27:43.0323412Z  2026-10-03 10:23:50.432 UTC [35] WARNING:  no usable system locales were found
2026-10-03T10:27:43.0324070Z  initdb: warning: enabling "trust" authentication for local connections
2026-10-03T10:27:43.0324994Z  initdb: hint: You can change this by editing pg_hba.conf or using the option -A, or --auth-local and --auth-host, the next time you run initdb.
2026-10-03T10:27:43.0325643Z  This user must also own the server process.
2026-10-03T10:27:43.0325888Z  
2026-10-03T10:27:43.0326192Z  The database cluster will be initialized with locale "en_US.utf8".
2026-10-03T10:27:43.0326773Z  The default database encoding has accordingly been set to "UTF8".
2026-10-03T10:27:43.0327309Z  The default text search configuration will be set to "english".
2026-10-03T10:27:43.0327711Z  
2026-10-03T10:27:43.0327950Z  Data page checksums are disabled.
2026-10-03T10:27:43.0328246Z  
2026-10-03T10:27:43.0328608Z  fixing permissions on existing directory /var/lib/postgresql/data ... ok
2026-10-03T10:27:43.0329090Z  creating subdirectories ... ok
2026-10-03T10:27:43.0329472Z  selecting dynamic shared memory implementation ... posix
2026-10-03T10:27:43.0329915Z  selecting default max_connections ... 100
2026-10-03T10:27:43.0330274Z  selecting default shared_buffers ... 128MB
2026-10-03T10:27:43.0330619Z  selecting default time zone ... UTC
2026-10-03T10:27:43.0331107Z  creating configuration files ... ok
2026-10-03T10:27:43.0331316Z  running bootstrap script ... ok
2026-10-03T10:27:43.0331554Z  performing post-bootstrap initialization ... ok
2026-10-03T10:27:43.0331791Z  syncing data to disk ... ok
2026-10-03T10:27:43.0331974Z  
2026-10-03T10:27:43.0332108Z  
2026-10-03T10:27:43.0332287Z  Success. You can now start the database server using:
2026-10-03T10:27:43.0332514Z  
2026-10-03T10:27:43.0332704Z      pg_ctl -D /var/lib/postgresql/data -l logfile start
2026-10-03T10:27:43.0333147Z  
2026-10-03T10:27:43.0333836Z  waiting for server to start....2026-10-03 10:23:51.188 UTC [41] LOG:  starting PostgreSQL 16.15 on x86_64-pc-linux-musl, compiled by gcc (Alpine 15.2.0) 15.2.0, 64-bit
2026-10-03T10:27:43.0334855Z  2026-10-03 10:23:51.189 UTC [41] LOG:  listening on Unix socket "/var/run/postgresql/.s.PGSQL.5432"
2026-10-03T10:27:43.0335561Z  2026-10-03 10:23:51.191 UTC [44] LOG:  database system was shut down at 2026-10-03 10:23:50 UTC
2026-10-03T10:27:43.0336210Z  2026-10-03 10:23:51.194 UTC [41] LOG:  database system is ready to accept connections
2026-10-03T10:27:43.0336675Z   done
2026-10-03T10:27:43.0336888Z  server started
2026-10-03T10:27:43.0337117Z  CREATE DATABASE
2026-10-03T10:27:43.0337335Z  
2026-10-03T10:27:43.0337529Z  
2026-10-03T10:27:43.0337899Z  /usr/local/bin/docker-entrypoint.sh: ignoring /docker-entrypoint-initdb.d/*
2026-10-03T10:27:43.0338387Z  
2026-10-03T10:27:43.0338815Z  waiting for server to shut down....2026-10-03 10:23:51.405 UTC [41] LOG:  received fast shutdown request
2026-10-03T10:27:43.0339447Z  2026-10-03 10:23:51.406 UTC [41] LOG:  aborting any active transactions
2026-10-03T10:27:43.0340150Z  2026-10-03 10:23:51.409 UTC [41] LOG:  background worker "logical replication launcher" (PID 47) exited with exit code 1
2026-10-03T10:27:43.0340867Z  2026-10-03 10:23:51.409 UTC [42] LOG:  shutting down
2026-10-03T10:27:43.0341348Z  2026-10-03 10:23:51.409 UTC [42] LOG:  checkpoint starting: shutdown immediate
2026-10-03T10:27:43.0343664Z  2026-10-03 10:23:51.493 UTC [42] LOG:  checkpoint complete: wrote 926 buffers (5.7%); 0 WAL file(s) added, 0 removed, 0 recycled; write=0.079 s, sync=0.005 s, total=0.085 s; sync files=301, longest=0.004 s, average=0.001 s; distance=4283 kB, estimate=4283 kB; lsn=0/1925D60, redo lsn=0/1925D60
2026-10-03T10:27:43.0344780Z  2026-10-03 10:23:51.500 UTC [41] LOG:  database system is shut down
2026-10-03T10:27:43.0345036Z   done
2026-10-03T10:27:43.0345186Z  server stopped
2026-10-03T10:27:43.0345343Z  
2026-10-03T10:27:43.0345538Z  PostgreSQL init process complete; ready for start up.
2026-10-03T10:27:43.0345773Z  
2026-10-03T10:27:43.0346126Z  2026-10-03 10:23:51.533 UTC [1] LOG:  starting PostgreSQL 16.15 on x86_64-pc-linux-musl, compiled by gcc (Alpine 15.2.0) 15.2.0, 64-bit
2026-10-03T10:27:43.0346784Z  2026-10-03 10:23:51.533 UTC [1] LOG:  listening on IPv4 address "0.0.0.0", port 5432
2026-10-03T10:27:43.0347542Z  2026-10-03 10:23:51.533 UTC [1] LOG:  listening on IPv6 address "::", port 5432
2026-10-03T10:27:43.0348237Z  2026-10-03 10:23:51.534 UTC [1] LOG:  listening on Unix socket "/var/run/postgresql/.s.PGSQL.5432"
2026-10-03T10:27:43.0348953Z  2026-10-03 10:23:51.537 UTC [57] LOG:  database system was shut down at 2026-10-03 10:23:51 UTC
2026-10-03T10:27:43.0349606Z  2026-10-03 10:23:51.540 UTC [1] LOG:  database system is ready to accept connections
2026-10-03T10:27:43.0350352Z  2026-10-03 10:24:58.868 UTC [118] ERROR:  null value in column "actor" of relation "audit_events" violates not-null constraint
2026-10-03T10:27:43.0351531Z  2026-10-03 10:24:58.868 UTC [118] DETAIL:  Failing row contains (108, att-72e5ed317c096cd7173d, ARTIFACT_FAILED, null, null, null, patch: S3_PUT_HTTP_0, {}, 2026-10-03 10:24:58.868491+00).
2026-10-03T10:27:43.0352775Z  2026-10-03 10:24:58.868 UTC [118] STATEMENT:  INSERT INTO fxv.audit_events (attempt_id, kind, from_state, to_state, actor, reason, meta)
2026-10-03T10:27:43.0353653Z  	       VALUES ($1,$2,$3,$4,$5,$6,$7)
2026-10-03T10:27:43.0354500Z  2026-10-03 10:27:27.833 UTC [250] ERROR:  duplicate key value violates unique constraint "skill_version_skill_id_version_key"
2026-10-03T10:27:43.0355389Z  2026-10-03 10:27:27.833 UTC [250] DETAIL:  Key (skill_id, version)=(12259009-a09c-4a72-8a8f-447cefa408d4, 1.0.0) already exists.
2026-10-03T10:27:43.0356037Z  2026-10-03 10:27:27.833 UTC [250] STATEMENT:  INSERT INTO mu.skill_version (tenant_id, skill_id, version, changelog, manifest_sha256, artifact_ref, created_by)
2026-10-03T10:27:43.0356551Z  	           VALUES ($1,$2,$3,$4,$5,$6,$7) RETURNING *
2026-10-03T10:27:43.0360512Z Stop and remove container: 3c48b43cdee5430fbebf24d93f4e3a2e_postgres16alpine_7a16c3
2026-10-03T10:27:43.0364643Z ##[command]/usr/bin/docker rm --force a8a23a9524a82699490499ccd1635a4d1875caa754292cbb1cd1ea8af9f728a5
2026-10-03T10:27:43.1408632Z a8a23a9524a82699490499ccd1635a4d1875caa754292cbb1cd1ea8af9f728a5
2026-10-03T10:27:43.1432447Z Remove container network: github_network_2aee6de403714aa883a46c88a978c59a
2026-10-03T10:27:43.1436572Z ##[command]/usr/bin/docker network rm github_network_2aee6de403714aa883a46c88a978c59a
2026-10-03T10:27:43.2363437Z github_network_2aee6de403714aa883a46c88a978c59a
2026-10-03T10:27:43.2438963Z Cleaning up orphan processes
2026-10-03T10:27:43.2772845Z ##[warning]Node.js 20 is deprecated. The following actions target Node.js 20 but are being forced to run on Node.js 24: actions/checkout@v4, actions/setup-node@v4. For more information see: https://github.blog/changelog/2025-09-19-deprecation-of-node-20-on-github-actions-runners/
